date,pid,price,regular,promo,label,until
2026-09-16,251001-ST,2.85,3.70,1,-22%,2026-09-19
2026-09-16,26832-ST,2.50,3.50,1,-28%,2026-09-19
2026-09-16,18381-ST,4.20,5.10,1,-17%,2026-09-19
2026-09-16,57214-KG1,5.95,8.90,1,-33%,2026-09-19
2026-09-16,46372-KG,2.95,4.40,1,-32%,2026-09-19
2026-09-16,452463-ST,1.50,2.10,1,-28%,2026-09-19
2026-09-16,43052-KG,4.50,5.50,1,-18%,2026-09-19
2026-09-16,63325-BAG,9.20,11.20,1,-17%,2026-09-19
2026-09-16,2212-KG1,13.90,16.40,1,-15%,2026-09-19
2026-09-16,63319-BAG,9.20,11.70,1,-21%,2026-09-19
2026-09-16,63334-BAG,9.20,11.10,1,-17%,2026-09-19
2026-09-16,63322-BAG,9.20,11.10,1,-17%,2026-09-19
2026-09-16,446441-ZSA,2.70,3.55,1,-23%,2026-09-19
2026-09-16,63331-BAG,9.20,11.70,1,-21%,2026-09-19
2026-09-16,5402-KG1,2.75,4.00,1,-31%,2026-09-19
2026-09-16,10586-ZSA,6.50,7.90,1,-17%,2026-09-19
2026-09-16,39029-KG,4.75,6.60,1,-28%,2026-09-19
2026-09-16,251064-KG,2.25,4.20,1,-46%,2026-09-19
2026-09-16,446438-ZSA,3.30,4.10,1,-19%,2026-09-19
2026-09-16,17874-KG1,2.95,4.40,1,-32%,2026-09-19
2026-09-16,31292-PAK,2.00,3.50,1,-42%,2026-09-19
2026-09-16,54017-ZSA,5.60,6.70,1,-16%,2026-09-19
2026-09-16,42521-KG1,4.50,5.50,1,-18%,2026-09-19
2026-09-16,31747-ST,2.50,3.90,1,-35%,2026-09-19
2026-09-16,266110-PAK,5.80,7.90,1,-26%,2026-09-19
2026-09-16,41881-BAG,12.90,15.60,1,-17%,2026-09-19
2026-09-16,250015-KG1,5.95,6.80,1,-12%,2026-09-19
2026-09-16,23652-KG,1.55,2.45,1,-36%,2026-09-19
2026-09-16,80371-ST,3.35,4.25,1,-21%,2026-09-19
2026-09-16,36455-ST,0.50,0.85,1,-41%,2026-09-19
2026-09-16,25909-ST,4.75,6.00,1,-20%,2026-09-19
2026-09-16,44322-PAK,4.60,6.30,1,-26%,2026-09-19
2026-09-16,266155-PAK,5.20,6.50,1,-20%,2026-09-19
2026-09-16,82469-ZSA,8.90,10.90,1,-18%,2026-09-19
2026-09-16,421669-PAK,7.90,10.60,1,-25%,2026-09-19
2026-09-16,57347-ZSA,9.60,11.80,1,-18%,2026-09-19
2026-09-16,591-KG1,3.95,5.10,1,-22%,2026-09-19
2026-09-16,75429-ZSA,15.20,19.80,1,-23%,2026-09-19
2026-09-16,266143-PAK,6.20,8.40,1,-26%,2026-09-19
2026-09-16,2202-KG1,2.50,3.90,1,-35%,2026-09-19
2026-09-16,82534-ZSA,13.20,17.40,1,-24%,2026-09-19
2026-09-16,82526-ZSA,13.60,17.20,1,-20%,2026-09-19
2026-09-16,82447-ZSA,28.20,36.60,1,-22%,2026-09-19
2026-09-16,456568-ZSA,3.95,5.10,1,-22%,2026-09-19
2026-09-16,75428-ZSA,11.80,14.60,1,-19%,2026-09-19
2026-09-16,82377-ZSA,19.60,23.40,1,-16%,2026-09-19
2026-09-16,251176-KG1,4.75,6.60,1,-28%,2026-09-19
2026-09-16,75251-PAK,19.90,25.60,1,-22%,2026-09-19
2026-09-16,251515-ZBI,13.30,16.80,1,-20%,2026-09-19
2026-09-16,251500-ZBI,21.60,30.20,1,-28%,2026-09-19
2026-09-16,459575-ZSA,22.70,27.60,1,-17%,2026-09-19
2026-09-16,454724-KG,4.90,6.10,1,-19%,2026-09-19
2026-09-16,31710-KG,18.40,22.60,1,-18%,2026-09-19
2026-09-16,200830-KG2,23.50,33.60,1,-30%,2026-09-19
2026-09-16,39095-PAK,24.50,32.80,1,-25%,2026-09-19
2026-09-16,39094-PAK,24.50,32.80,1,-25%,2026-09-19
2026-09-16,200794-KG,14.30,21.80,1,-34%,2026-09-19
2026-09-16,202335-KG,10.70,13.80,1,-22%,2026-09-19
2026-09-16,50376-KG,10.50,13.50,1,-22%,2026-09-19
2026-09-16,455168-Z06,15.90,21.00,1,-24%,2026-09-19
2026-09-16,15808-KG,19.40,24.20,1,-19%,2026-09-19
2026-09-16,42188-PAK,14.30,17.50,1,-18%,2026-09-19
2026-09-16,202370-KG,7.80,10.80,1,-27%,2026-09-19
2026-09-16,400023-KG,15.30,20.40,1,-25%,2026-09-19
2026-09-16,42187-PAK,17.90,22.80,1,-21%,2026-09-19
2026-09-16,200779-KG,16.40,22.20,1,-26%,2026-09-19
2026-09-16,37652-PAK,8.20,10.10,1,-18%,2026-09-19
2026-09-16,448142-KG,6.90,8.00,1,-13%,2026-09-19
2026-09-16,37653-PAK,9.20,13.00,1,-29%,2026-09-19
2026-09-16,50226-KG,7.15,8.90,1,-19%,2026-09-19
2026-09-16,78861-PAK,4.50,5.10,1,-11%,2026-09-19
2026-09-16,70604-KG,14.70,18.20,1,-19%,2026-09-19
2026-09-16,200725-KG,23.50,30.20,1,-22%,2026-09-19
2026-09-16,1775-KG,8.20,11.20,1,-26%,2026-09-19
2026-09-16,202373-KG,8.50,11.40,1,-25%,2026-09-19
2026-09-16,83964-ZBQ,9.80,11.60,1,-15%,2026-09-19
2026-09-16,455679-KG,12.70,15.20,1,-16%,2026-09-19
2026-09-16,76332-KG,20.50,24.80,1,-17%,2026-09-19
2026-09-16,37581-PAK,7.50,9.70,1,-22%,2026-09-19
2026-09-16,452029-KG,15.80,20.60,1,-23%,2026-09-19
2026-09-16,44153-KG,7.70,10.50,1,-26%,2026-09-19
2026-09-16,73296-KG,9.50,10.90,1,-12%,2026-09-19
2026-09-16,446491-KG,21.50,28.60,1,-24%,2026-09-19
2026-09-16,35291-KG,18.90,26.00,1,-27%,2026-09-19
2026-09-16,214910-KG,5.50,7.00,1,-21%,2026-09-19
2026-09-16,39003-KG,12.90,15.90,1,-18%,2026-09-19
2026-09-16,84207-Z04,7.50,9.20,1,-18%,2026-09-19
2026-09-16,11302-KG,10.00,15.30,1,-34%,2026-09-19
2026-09-16,51300-KG,25.50,29.80,1,-14%,2026-09-19
2026-09-16,39006-KG,11.20,14.50,1,-22%,2026-09-19
2026-09-16,84209-Z10,15.90,20.60,1,-22%,2026-09-19
2026-09-16,84194-Z10,9.10,13.60,1,-33%,2026-09-19
2026-09-16,4739-KG,30.70,36.20,1,-15%,2026-09-19
2026-09-16,81060-ST,4.70,6.20,1,-24%,2026-09-19
2026-09-16,84056-PAK,6.90,8.40,1,-17%,2026-09-19
2026-09-16,84221-Z10,5.80,8.30,1,-30%,2026-09-19
2026-09-16,5128-KG,13.90,17.30,1,-19%,2026-09-19
2026-09-16,84214-Z10,8.10,12.50,1,-35%,2026-09-19
2026-09-16,63664-ZSA,12.30,20.40,1,-39%,2026-09-19
2026-09-16,456042-KG,23.90,29.40,1,-18%,2026-09-19
2026-09-16,79045-ST,9.20,12.60,1,-26%,2026-09-19
2026-09-16,204900-KG,14.30,16.20,1,-11%,2026-09-19
2026-09-16,61038-ZBQ,3.95,4.95,1,-20%,2026-09-19
2026-09-16,15301-KG,22.50,31.80,1,-29%,2026-09-19
2026-09-16,40301-KG,14.90,17.80,1,-16%,2026-09-19
2026-09-16,60475-KG,8.20,11.60,1,-29%,2026-09-19
2026-09-16,400011-KG,9.20,13.20,1,-30%,2026-09-19
2026-09-16,24410-KG,24.50,28.40,1,-13%,2026-09-19
2026-09-16,419314-KG,19.40,24.80,1,-21%,2026-09-19
2026-09-16,69027-KG,12.30,15.20,1,-19%,2026-09-19
2026-09-16,400013-KG,8.90,12.60,1,-29%,2026-09-19
2026-09-16,400012-KG,8.90,12.40,1,-28%,2026-09-19
2026-09-16,51741-KG,20.20,26.60,1,-24%,2026-09-19
2026-09-16,64466-KG,16.40,20.80,1,-21%,2026-09-19
2026-09-16,51743-KG,22.50,29.00,1,-22%,2026-09-19
2026-09-16,84219-Z02,2.40,2.70,1,-11%,2026-09-19
2026-09-16,204637-KG,20.50,26.20,1,-21%,2026-09-19
2026-09-16,84195-Z05,6.20,8.10,1,-23%,2026-09-19
2026-09-16,202383-KG,11.90,19.40,1,-38%,2026-09-19
2026-09-16,448204-KG,22.90,28.00,1,-18%,2026-09-19
2026-09-16,204651-KG,15.80,20.40,1,-22%,2026-09-19
2026-09-16,57055-KG,24.60,34.80,1,-29%,2026-09-19
2026-09-16,59646-KG,24.20,28.80,1,-15%,2026-09-19
2026-09-16,64467-KG,15.30,20.00,1,-23%,2026-09-19
2026-09-16,84142-Z05,6.50,8.40,1,-22%,2026-09-19
2026-09-16,215305-KG,12.90,17.50,1,-26%,2026-09-19
2026-09-16,456037-KG,25.60,30.80,1,-16%,2026-09-19
2026-09-16,80941-PAK,7.90,10.10,1,-21%,2026-09-19
2026-09-16,79470-PAK,8.70,10.80,1,-19%,2026-09-19
2026-09-16,78568-KG,23.00,29.00,1,-20%,2026-09-19
2026-09-16,51302-KG,13.30,16.50,1,-19%,2026-09-19
2026-09-16,453719-KG,26.60,32.20,1,-17%,2026-09-19
2026-09-16,40299-KG,12.30,14.50,1,-15%,2026-09-19
2026-09-16,202340-KG,16.40,19.80,1,-17%,2026-09-19
2026-09-16,201137-KG,55.30,67.50,1,-18%,2026-09-19
2026-09-16,458473-ZBQ,3.90,5.10,1,-23%,2026-09-19
2026-09-16,201143-KG,32.80,44.60,1,-26%,2026-09-19
2026-09-16,81784-ST,6.60,7.70,1,-14%,2026-09-19
2026-09-16,79948-KG,15.30,19.70,1,-22%,2026-09-19
2026-09-16,68057-KG,13.30,18.10,1,-26%,2026-09-19
2026-09-16,419298-KG,36.90,45.00,1,-18%,2026-09-19
2026-09-16,453107-ZBQ,17.90,21.40,1,-16%,2026-09-19
2026-09-16,73847-ST,3.90,4.60,1,-15%,2026-09-19
2026-09-16,211705-KG,12.20,19.20,1,-36%,2026-09-19
2026-09-16,52298-PAK,6.10,7.20,1,-15%,2026-09-19
2026-09-16,456044-KG,37.90,46.00,1,-17%,2026-09-19
2026-09-16,991-KG,25.20,31.80,1,-20%,2026-09-19
2026-09-16,50491-KG,43.90,58.00,1,-24%,2026-09-19
2026-09-16,84217-Z05,6.00,6.70,1,-10%,2026-09-19
2026-09-16,49545-KG,54.30,65.00,1,-16%,2026-09-19
2026-09-16,48567-KG,18.40,23.20,1,-20%,2026-09-19
2026-09-16,84143-Z10,11.50,14.10,1,-18%,2026-09-19
2026-09-16,84206-Z10,6.20,8.60,1,-27%,2026-09-19
2026-09-16,448203-KG,21.50,26.20,1,-17%,2026-09-19
2026-09-16,57942-KG,30.40,38.80,1,-21%,2026-09-19
2026-09-16,64852-KG,13.30,15.90,1,-16%,2026-09-19
2026-09-16,45813-KG,12.90,16.80,1,-23%,2026-09-19
2026-09-16,12186-KG,12.90,16.80,1,-23%,2026-09-19
2026-09-16,449014-KG,16.90,19.60,1,-13%,2026-09-19
2026-09-16,456287-ZSA,9.20,11.70,1,-21%,2026-09-19
2026-09-16,447787-KG,14.30,16.80,1,-14%,2026-09-19
2026-09-16,48686-KG,8.50,10.60,1,-19%,2026-09-19
2026-09-16,79659-KG,11.90,14.60,1,-18%,2026-09-19
2026-09-16,419250-KG,30.70,40.40,1,-24%,2026-09-19
2026-09-16,59178-KG,12.60,14.70,1,-14%,2026-09-19
2026-09-16,458791-KG,8.20,10.90,1,-24%,2026-09-19
2026-09-16,203120-KG,27.60,31.60,1,-12%,2026-09-19
2026-09-16,454089-KG,14.30,16.80,1,-14%,2026-09-19
2026-09-16,36583-KG,15.30,17.30,1,-11%,2026-09-19
2026-09-16,45373-KG,38.90,50.00,1,-22%,2026-09-19
2026-09-16,68056-KG,11.90,16.80,1,-29%,2026-09-19
2026-09-16,260540-KG,23.50,32.20,1,-27%,2026-09-19
2026-09-16,183-KG,39.90,47.40,1,-15%,2026-09-19
2026-09-16,48566-KG,14.30,20.60,1,-30%,2026-09-19
2026-09-16,45374-KG,28.50,38.60,1,-26%,2026-09-19
2026-09-16,458247-PAK,12.50,16.40,1,-23%,2026-09-19
2026-09-16,78485-KG,12.90,14.40,1,-10%,2026-09-19
2026-09-16,460176-PAK,2.60,3.35,1,-22%,2026-09-19
2026-09-16,57352-KG,13.30,16.20,1,-17%,2026-09-19
2026-09-16,449699-KG,23.50,31.00,1,-24%,2026-09-19
2026-09-16,78486-KG,21.50,25.40,1,-15%,2026-09-19
2026-09-16,20992-KG,16.40,22.20,1,-26%,2026-09-19
2026-09-16,51374-KG,31.80,40.40,1,-21%,2026-09-19
2026-09-16,23264-KG,46.90,52.50,1,-10%,2026-09-19
2026-09-16,80773-KG,27.60,36.00,1,-23%,2026-09-19
2026-09-16,79549-ST,9.50,11.80,1,-19%,2026-09-19
2026-09-16,201140-KG,27.60,36.60,1,-24%,2026-09-19
2026-09-16,60134-KG,20.50,24.20,1,-15%,2026-09-19
2026-09-16,77470-ST,15.90,19.30,1,-17%,2026-09-19
2026-09-16,12557-KG,15.30,21.20,1,-27%,2026-09-19
2026-09-16,32011-ST,18.30,21.50,1,-14%,2026-09-19
2026-09-16,54950-KG,29.70,37.20,1,-20%,2026-09-19
2026-09-16,447614-KG,17.90,22.80,1,-21%,2026-09-19
2026-09-16,47356-KG,43.00,50.50,1,-14%,2026-09-19
2026-09-16,32012-ST,15.20,16.90,1,-10%,2026-09-19
2026-09-16,447869-KG,11.90,15.00,1,-20%,2026-09-19
2026-09-16,451838-KG,48.20,62.50,1,-22%,2026-09-19
2026-09-16,80940-KG,25.60,32.00,1,-20%,2026-09-19
2026-09-16,57507-PAK,35.50,45.20,1,-21%,2026-09-19
2026-09-16,456662-PAK,10.70,14.50,1,-26%,2026-09-19
2026-09-16,448569-KG,22.00,24.80,1,-11%,2026-09-19
2026-09-16,453145-KG,32.80,44.00,1,-25%,2026-09-19
2026-09-16,4987-KG,27.60,31.40,1,-12%,2026-09-19
2026-09-16,29587-KG,8.20,10.40,1,-21%,2026-09-19
2026-09-16,84316-Z02,34.20,42.40,1,-19%,2026-09-19
2026-09-16,78569-KG,17.90,20.40,1,-12%,2026-09-19
2026-09-16,456919-ST,14.30,18.20,1,-21%,2026-09-19
2026-09-16,68895-PAK,40.00,49.80,1,-19%,2026-09-19
2026-09-16,81231-PAK,17.90,23.60,1,-24%,2026-09-19
2026-09-16,212505-KG,12.80,17.00,1,-24%,2026-09-19
2026-09-16,70501-KG,16.10,19.40,1,-17%,2026-09-19
2026-09-16,448498-KG,53.30,61.50,1,-13%,2026-09-19
2026-09-16,48555-KG,11.80,14.00,1,-15%,2026-09-19
2026-09-16,200723-KG,22.50,27.40,1,-17%,2026-09-19
2026-09-16,40348-ZSA,40.50,47.80,1,-15%,2026-09-19
2026-09-16,453207-KG,47.90,57.50,1,-16%,2026-09-19
2026-09-16,52296-KG,10.50,12.50,1,-16%,2026-09-19
2026-09-16,44750-Z02,34.20,41.00,1,-16%,2026-09-19
2026-09-16,77354-KG,16.90,21.40,1,-21%,2026-09-19
2026-09-16,459522-KG,61.50,76.00,1,-19%,2026-09-19
2026-09-16,456134-KG,14.30,17.40,1,-17%,2026-09-19
2026-09-16,47625-KG,24.40,31.40,1,-22%,2026-09-19
2026-09-16,32013-ST,14.70,16.70,1,-11%,2026-09-19
2026-09-16,50375-KAR,26.50,36.60,1,-27%,2026-09-19
2026-09-16,50709-KG,16.90,20.20,1,-16%,2026-09-19
2026-09-16,458569-KG,23.90,27.00,1,-11%,2026-09-19
2026-09-16,458753-KG,15.90,19.70,1,-19%,2026-09-19
2026-09-16,81741-KG,9.70,13.90,1,-30%,2026-09-19
2026-09-16,58491-KG,22.50,27.20,1,-17%,2026-09-19
2026-09-16,454435-KG,23.50,27.00,1,-12%,2026-09-19
2026-09-16,459263-ZSA,32.20,37.60,1,-14%,2026-09-19
2026-09-16,82699-KG,32.20,39.60,1,-18%,2026-09-19
2026-09-16,201113-KG,37.90,44.20,1,-14%,2026-09-19
2026-09-16,52295-KG,9.90,11.50,1,-13%,2026-09-19
2026-09-16,458943-KG,23.50,28.40,1,-17%,2026-09-19
2026-09-16,48554-KG,10.70,12.80,1,-16%,2026-09-19
2026-09-16,73829-ST,138.00,156.00,1,-11%,2026-09-19
2026-09-16,32083-ST,128.00,146.00,1,-12%,2026-09-19
2026-09-16,32082-ST,164.00,193.00,1,-15%,2026-09-19
2026-09-16,73830-ST,117.00,130.00,1,-10%,2026-09-19
2026-09-16,79071-KG,32.80,39.80,1,-17%,2026-09-19
2026-09-16,32084-ST,123.00,145.00,1,-15%,2026-09-19
2026-09-16,52020-KG,23.50,43.40,1,-45%,2026-09-19
2026-09-16,59617-ZSA,11.70,14.70,1,-20%,2026-09-19
2026-09-16,47037-KG,38.90,60.00,1,-35%,2026-09-19
2026-09-16,420072-ZSA,7.90,9.90,1,-20%,2026-09-19
2026-09-16,6566-KG,7.90,14.80,1,-46%,2026-09-19
2026-09-16,453381-ZSA,8.90,10.70,1,-16%,2026-09-19
2026-09-16,5149-KG,23.50,41.60,1,-43%,2026-09-19
2026-09-16,59219-ZSA,7.10,9.90,1,-28%,2026-09-19
2026-09-16,66664-ZSA,9.50,11.90,1,-20%,2026-09-19
2026-09-16,64474-ZSA,10.90,13.80,1,-21%,2026-09-19
2026-09-16,43561-ZSA,9.50,12.50,1,-24%,2026-09-19
2026-09-16,420086-ZSA,11.20,14.00,1,-20%,2026-09-19
2026-09-16,448941-ZSA,8.20,10.30,1,-20%,2026-09-19
2026-09-16,26687-ST,2.50,2.95,1,-15%,2026-09-19
2026-09-16,445858-ZSA,5.80,7.60,1,-23%,2026-09-19
2026-09-16,59620-ZSA,16.20,21.00,1,-22%,2026-09-19
2026-09-16,52736-ZBQ,8.90,13.90,1,-35%,2026-09-19
2026-09-16,5101-KG,16.40,24.60,1,-33%,2026-09-19
2026-09-16,5170-KG,19.90,40.00,1,-50%,2026-09-19
2026-09-16,447324-ZSA,8.20,10.60,1,-22%,2026-09-19
2026-09-16,458435-ST,2.90,3.30,1,-12%,2026-09-19
2026-09-16,76076-ZSA,15.60,20.20,1,-22%,2026-09-19
2026-09-16,34634-KG,22.50,38.00,1,-40%,2026-09-19
2026-09-16,65795-PAK,16.90,23.40,1,-27%,2026-09-19
2026-09-16,68936-KG,40.90,62.00,1,-34%,2026-09-19
2026-09-16,11665-PAK,10.20,11.80,1,-13%,2026-09-19
2026-09-16,263659-ZSA,12.80,16.60,1,-22%,2026-09-19
2026-09-16,448287-ZSA,15.30,19.10,1,-19%,2026-09-19
2026-09-16,75913-ZSA,7.00,9.20,1,-23%,2026-09-19
2026-09-16,48248-PAK,13.90,17.70,1,-21%,2026-09-19
2026-09-16,458436-ST,8.50,9.80,1,-13%,2026-09-19
2026-09-16,456974-PAK,8.70,13.50,1,-35%,2026-09-19
2026-09-16,449560-ZSA,7.50,8.60,1,-12%,2026-09-19
2026-09-16,30200-KG,51.00,64.00,1,-20%,2026-09-19
2026-09-16,65796-PAK,16.40,21.80,1,-24%,2026-09-19
2026-09-16,458189-ZSA,12.20,15.20,1,-19%,2026-09-19
2026-09-16,454213-PAK,15.70,17.90,1,-12%,2026-09-19
2026-09-16,454614-ZSA,16.90,20.40,1,-17%,2026-09-19
2026-09-16,458782-ZSA,20.50,26.40,1,-22%,2026-09-19
2026-09-16,454442-ZSA,16.00,21.20,1,-24%,2026-09-19
2026-09-16,65794-PAK,24.50,32.80,1,-25%,2026-09-19
2026-09-16,38597-KG,24.60,40.00,1,-38%,2026-09-19
2026-09-16,5120-KG,16.90,28.80,1,-41%,2026-09-19
2026-09-16,75195-ZSA,6.50,8.80,1,-26%,2026-09-19
2026-09-16,27368-PAK,16.90,20.00,1,-15%,2026-09-19
2026-09-16,447979-ZSA,17.40,21.20,1,-17%,2026-09-19
2026-09-16,50274-KG,15.90,29.60,1,-46%,2026-09-19
2026-09-16,459788-ST,11.90,14.50,1,-17%,2026-09-19
2026-09-16,452046-ZSA,17.70,20.80,1,-14%,2026-09-19
2026-09-16,10112-KG,18.40,24.40,1,-24%,2026-09-19
2026-09-16,420060-ZSA,15.80,20.00,1,-21%,2026-09-19
2026-09-16,458437-ST,13.80,18.00,1,-23%,2026-09-19
2026-09-16,48247-ZBE,22.50,29.40,1,-23%,2026-09-19
2026-09-16,22258-KG,13.90,24.60,1,-43%,2026-09-19
2026-09-16,31491-KG1,6.50,10.30,1,-36%,2026-09-19
2026-09-16,453884-Z24,22.50,32.20,1,-30%,2026-09-19
2026-09-16,453886-Z24,18.30,27.00,1,-32%,2026-09-19
2026-09-16,19851-KG,11.90,20.80,1,-42%,2026-09-19
2026-09-16,459680-KG,15.30,17.40,1,-12%,2026-09-19
2026-09-16,45062-ST,22.20,30.40,1,-26%,2026-09-19
2026-09-16,458685-ZBE,27.60,37.80,1,-26%,2026-09-19
2026-09-16,447480-ST,15.90,18.00,1,-11%,2026-09-19
2026-09-16,456975-PAK,13.90,18.20,1,-23%,2026-09-19
2026-09-16,460577-ZSA,6.90,8.50,1,-18%,2026-09-19
2026-09-16,451372-KG,16.90,34.40,1,-50%,2026-09-19
2026-09-16,459968-ZSA,19.40,26.80,1,-27%,2026-09-19
2026-09-16,458369-PAK,6.70,9.70,1,-30%,2026-09-19
2026-09-16,460579-ZSA,8.20,9.90,1,-17%,2026-09-19
2026-09-16,457825-ZBQ,25.50,33.60,1,-24%,2026-09-19
2026-09-16,80646-ST,1.35,1.45,1,-6%,2026-09-19
2026-09-16,40661-ST,2.65,3.05,1,-13%,2026-09-19
2026-09-16,80647-ST,1.35,1.45,1,-6%,2026-09-19
2026-09-16,67188-ST,7.70,9.50,1,-18%,2026-09-19
2026-09-16,77174-L,5.65,6.70,1,-15%,2026-09-19
2026-09-16,49684-ZSA,7.50,8.20,1,-8%,2026-09-19
2026-09-16,233105-Z10,4.70,5.70,1,-17%,2026-09-19
2026-09-16,57675-ST,1.55,2.00,1,-22%,2026-09-19
2026-09-16,2082-ST,3.00,3.75,1,-20%,2026-09-19
2026-09-16,38510-ST,3.40,4.80,1,-29%,2026-09-19
2026-09-16,55264-ST,3.20,4.25,1,-24%,2026-09-19
2026-09-16,75288-ST,7.60,10.40,1,-26%,2026-09-19
2026-09-16,417041-ST,1.20,1.50,1,-20%,2026-09-19
2026-09-16,70313-ST,7.90,10.60,1,-25%,2026-09-19
2026-09-16,35463-KG,19.00,23.20,1,-18%,2026-09-19
2026-09-16,80970-Z02,1.50,2.00,1,-25%,2026-09-19
2026-09-16,66341-PAK,7.80,10.20,1,-23%,2026-09-19
2026-09-16,76244-ST,4.90,6.90,1,-28%,2026-09-19
2026-09-16,12766-ST,12.30,16.60,1,-25%,2026-09-19
2026-09-16,51038-BOT,1.60,1.80,1,-11%,2026-09-19
2026-09-16,445747-ST,3.95,4.70,1,-15%,2026-09-19
2026-09-16,455801-ST,3.30,3.95,1,-16%,2026-09-19
2026-09-16,36507-ST,1.40,1.90,1,-26%,2026-09-19
2026-09-16,51218-ST,12.90,13.90,1,-7%,2026-09-19
2026-09-16,40190-KG,15.50,20.80,1,-25%,2026-09-19
2026-09-16,48606-KG,22.90,27.00,1,-15%,2026-09-19
2026-09-16,62905-BOT,1.60,1.80,1,-11%,2026-09-19
2026-09-16,67187-ST,1.70,2.00,1,-15%,2026-09-19
2026-09-16,80373-ST,4.50,5.80,1,-22%,2026-09-19
2026-09-16,69063-ST,7.50,11.00,1,-31%,2026-09-19
2026-09-16,55223-ST,3.45,3.95,1,-12%,2026-09-19
2026-09-16,455594-KG,21.00,29.20,1,-28%,2026-09-19
2026-09-16,49683-ZSA,14.30,16.30,1,-12%,2026-09-19
2026-09-16,69061-ST,7.50,11.00,1,-31%,2026-09-19
2026-09-16,37069-PAK,7.00,9.10,1,-23%,2026-09-19
2026-09-16,453034-ST,7.50,11.00,1,-31%,2026-09-19
2026-09-16,446211-ST,8.50,10.90,1,-22%,2026-09-19
2026-09-16,69064-ST,7.50,11.00,1,-31%,2026-09-19
2026-09-16,444782-ST,1.60,1.80,1,-11%,2026-09-19
2026-09-16,449148-ST,6.10,7.60,1,-19%,2026-09-19
2026-09-16,41640-ST,3.15,4.35,1,-27%,2026-09-19
2026-09-16,31014-PAK,4.10,5.60,1,-26%,2026-09-19
2026-09-16,41629-ST,4.00,5.70,1,-29%,2026-09-19
2026-09-16,231790-ST,3.25,4.00,1,-18%,2026-09-19
2026-09-16,40662-ST,10.80,14.40,1,-25%,2026-09-19
2026-09-16,45436-ST,1.75,2.85,1,-38%,2026-09-19
2026-09-16,77568-Z02,1.55,2.20,1,-29%,2026-09-19
2026-09-16,455666-ST,5.70,7.10,1,-19%,2026-09-19
2026-09-16,62985-ZSA,9.20,12.60,1,-26%,2026-09-19
2026-09-16,74458-BOT,1.60,1.95,1,-17%,2026-09-19
2026-09-16,77574-Z02,1.55,2.20,1,-29%,2026-09-19
2026-09-16,71460-ST,3.50,4.80,1,-27%,2026-09-19
2026-09-16,82457-PAK,5.00,6.40,1,-21%,2026-09-19
2026-09-16,235371-ZBI,5.40,6.90,1,-21%,2026-09-19
2026-09-16,75926-ST,3.60,4.55,1,-20%,2026-09-19
2026-09-16,445285-ST,1.55,2.60,1,-40%,2026-09-19
2026-09-16,63543-ST,4.50,6.40,1,-29%,2026-09-19
2026-09-16,14471-ZBA,4.30,5.80,1,-25%,2026-09-19
2026-09-16,8366-KG,14.00,18.00,1,-22%,2026-09-19
2026-09-16,456133-ST,2.30,2.90,1,-20%,2026-09-19
2026-09-16,70593-ZFL,6.90,8.90,1,-22%,2026-09-19
2026-09-16,51434-ZSA,1.65,2.15,1,-23%,2026-09-19
2026-09-16,83716-ST,4.85,6.20,1,-21%,2026-09-19
2026-09-16,70177-ST,5.90,7.60,1,-22%,2026-09-19
2026-09-16,447272-ST,13.40,16.30,1,-17%,2026-09-19
2026-09-16,417104-ST,0.75,1.10,1,-31%,2026-09-19
2026-09-16,458706-ST,1.45,1.85,1,-21%,2026-09-19
2026-09-16,75925-ST,3.60,4.55,1,-20%,2026-09-19
2026-09-16,77565-Z02,1.40,2.00,1,-30%,2026-09-19
2026-09-16,36729-ST,3.25,4.00,1,-18%,2026-09-19
2026-09-16,42138-ZSA,1.90,2.40,1,-20%,2026-09-19
2026-09-16,83715-ST,5.00,6.60,1,-24%,2026-09-19
2026-09-16,61943-PAK,15.50,20.40,1,-24%,2026-09-19
2026-09-16,3016-ST,4.50,5.60,1,-19%,2026-09-19
2026-09-16,21652-ST,3.95,5.80,1,-31%,2026-09-19
2026-09-16,417069-Z02,1.55,2.20,1,-29%,2026-09-19
2026-09-16,80910-KG,19.40,24.80,1,-21%,2026-09-19
2026-09-16,77571-Z02,1.55,2.20,1,-29%,2026-09-19
2026-09-16,63031-ST,5.40,7.40,1,-27%,2026-09-19
2026-09-16,47664-KG,10.70,16.00,1,-33%,2026-09-19
2026-09-16,70591-ZFL,6.90,8.20,1,-15%,2026-09-19
2026-09-16,57672-KG,11.10,14.10,1,-21%,2026-09-19
2026-09-16,457500-Z08,10.90,13.90,1,-21%,2026-09-19
2026-09-16,73262-ST,7.70,11.40,1,-32%,2026-09-19
2026-09-16,29852-KG,25.00,31.40,1,-20%,2026-09-19
2026-09-16,45400-KG,20.40,26.60,1,-23%,2026-09-19
2026-09-16,231795-Z05,8.20,10.10,1,-18%,2026-09-19
2026-09-16,84689-ST,3.60,4.55,1,-20%,2026-09-19
2026-09-16,70143-Z02,1.55,2.20,1,-29%,2026-09-19
2026-09-16,70144-Z02,1.55,2.20,1,-29%,2026-09-19
2026-09-16,45437-ST,1.75,2.85,1,-38%,2026-09-19
2026-09-16,63032-ST,11.60,16.80,1,-30%,2026-09-19
2026-09-16,72129-ST,8.00,10.40,1,-23%,2026-09-19
2026-09-16,50466-PAK,11.90,15.00,1,-20%,2026-09-19
2026-09-16,71174-PAK,4.20,5.90,1,-28%,2026-09-19
2026-09-16,416887-ST,4.60,5.40,1,-14%,2026-09-19
2026-09-16,453277-ST,5.40,7.40,1,-27%,2026-09-19
2026-09-16,446433-Z02,1.75,2.45,1,-28%,2026-09-19
2026-09-16,458451-Z02,1.75,2.45,1,-28%,2026-09-19
2026-09-16,77573-Z02,1.55,2.20,1,-29%,2026-09-19
2026-09-16,21647-ST,3.95,5.90,1,-33%,2026-09-19
2026-09-16,44631-ST,15.70,21.80,1,-27%,2026-09-19
2026-09-16,417068-Z02,1.55,2.20,1,-29%,2026-09-19
2026-09-16,76874-PAK,5.50,7.30,1,-24%,2026-09-19
2026-09-16,63029-ST,5.40,7.40,1,-27%,2026-09-19
2026-09-16,80644-ST,8.20,11.00,1,-25%,2026-09-19
2026-09-16,455917-ST,11.90,14.90,1,-20%,2026-09-19
2026-09-16,24709-ST,3.95,5.80,1,-31%,2026-09-19
2026-09-16,70592-ZFL,6.90,8.70,1,-20%,2026-09-19
2026-09-16,41730-PAK,4.40,5.60,1,-21%,2026-09-19
2026-09-16,37650-ST,4.55,6.40,1,-28%,2026-09-19
2026-09-16,21649-ST,3.95,5.80,1,-31%,2026-09-19
2026-09-16,47475-ST,10.70,13.50,1,-20%,2026-09-19
2026-09-16,37649-ST,3.95,6.10,1,-35%,2026-09-19
2026-09-16,70315-ST,16.20,21.20,1,-23%,2026-09-19
2026-09-16,54390-PAK,7.10,10.10,1,-29%,2026-09-19
2026-09-16,27854-PAK,7.30,8.90,1,-17%,2026-09-19
2026-09-16,12767-ST,10.80,13.70,1,-21%,2026-09-19
2026-09-16,81358-ST,6.00,7.50,1,-20%,2026-09-19
2026-09-16,458443-Z02,1.75,2.45,1,-28%,2026-09-19
2026-09-16,458449-Z02,1.75,2.45,1,-28%,2026-09-19
2026-09-16,21650-ST,3.95,5.80,1,-31%,2026-09-19
2026-09-16,21651-ST,3.95,5.80,1,-31%,2026-09-19
2026-09-16,63663-PAK,4.40,5.90,1,-25%,2026-09-19
2026-09-16,51631-ST,3.80,5.70,1,-33%,2026-09-19
2026-09-16,37112-ST,6.35,7.50,1,-15%,2026-09-19
2026-09-16,446981-ST,19.40,24.60,1,-21%,2026-09-19
2026-09-16,449349-ST,12.80,16.50,1,-22%,2026-09-19
2026-09-16,75123-ST,4.90,6.20,1,-20%,2026-09-19
2026-09-16,444724-ST,6.90,10.10,1,-31%,2026-09-19
2026-09-16,12765-ST,16.90,21.00,1,-19%,2026-09-19
2026-09-16,416843-ST,3.30,4.20,1,-21%,2026-09-19
2026-09-16,70784-ST,12.20,14.70,1,-17%,2026-09-19
2026-09-16,65809-ST,5.50,6.70,1,-17%,2026-09-19
2026-09-16,451702-ST,5.90,7.40,1,-20%,2026-09-19
2026-09-16,80023-ST,11.90,14.50,1,-17%,2026-09-19
2026-09-16,452704-ST,4.60,5.60,1,-17%,2026-09-19
2026-09-16,458170-KG,12.60,15.20,1,-17%,2026-09-19
2026-09-16,77836-KG,12.10,16.20,1,-25%,2026-09-19
2026-09-16,455547-PAK,3.40,4.80,1,-29%,2026-09-19
2026-09-16,54354-ST,3.95,5.90,1,-33%,2026-09-19
2026-09-16,217630-ZFL,9.90,13.40,1,-26%,2026-09-19
2026-09-16,82442-KG,29.40,37.60,1,-21%,2026-09-19
2026-09-16,233106-Z30,13.90,16.80,1,-17%,2026-09-19
2026-09-16,58086-ST,18.30,19.70,1,-7%,2026-09-19
2026-09-16,451032-ZFL,7.50,9.60,1,-21%,2026-09-19
2026-09-16,457728-ST,4.40,5.60,1,-21%,2026-09-19
2026-09-16,417105-ST,1.55,2.10,1,-26%,2026-09-19
2026-09-16,66311-ZFL,8.90,11.20,1,-20%,2026-09-19
2026-09-16,81972-KG,20.10,25.20,1,-20%,2026-09-19
2026-09-16,45881-KG,15.30,19.60,1,-21%,2026-09-19
2026-09-16,451701-KG,20.90,25.20,1,-17%,2026-09-19
2026-09-16,12764-ST,9.70,11.70,1,-17%,2026-09-19
2026-09-16,457267-Z14,19.90,23.60,1,-15%,2026-09-19
2026-09-16,43370-ZBI,12.00,14.90,1,-19%,2026-09-19
2026-09-16,75563-Z06,11.80,17.10,1,-30%,2026-09-19
2026-09-16,84247-KG,27.40,34.20,1,-19%,2026-09-19
2026-09-16,79702-Z50,48.40,60.50,1,-20%,2026-09-19
2026-09-16,217620-ZFL,9.60,11.00,1,-12%,2026-09-19
2026-09-16,55345-ST,4.60,5.70,1,-19%,2026-09-19
2026-09-16,230545-KG,16.90,21.40,1,-21%,2026-09-19
2026-09-16,43004-KG,25.20,31.80,1,-20%,2026-09-19
2026-09-16,46314-KG,16.50,22.40,1,-26%,2026-09-19
2026-09-16,12773-ST,16.90,19.80,1,-14%,2026-09-19
2026-09-16,455837-ST,4.65,5.70,1,-18%,2026-09-19
2026-09-16,67154-KG,23.50,31.20,1,-24%,2026-09-19
2026-09-16,75564-Z06,11.80,17.10,1,-30%,2026-09-19
2026-09-16,452500-ST,17.90,22.20,1,-19%,2026-09-19
2026-09-16,449861-ST,5.80,7.40,1,-21%,2026-09-19
2026-09-16,56620-KG,10.60,15.30,1,-30%,2026-09-19
2026-09-16,60694-ST,12.20,14.60,1,-16%,2026-09-19
2026-09-16,43003-KG,25.20,31.80,1,-20%,2026-09-19
2026-09-16,72710-KG,18.90,25.60,1,-26%,2026-09-19
2026-09-16,68788-ST,32.30,41.80,1,-22%,2026-09-19
2026-09-16,451934-ST,17.30,21.80,1,-20%,2026-09-19
2026-09-16,78556-Z06,11.80,17.10,1,-30%,2026-09-19
2026-09-16,458468-PAK,3.40,4.80,1,-29%,2026-09-19
2026-09-16,63598-KG,13.00,19.00,1,-31%,2026-09-19
2026-09-16,459137-ST,3.95,4.90,1,-19%,2026-09-19
2026-09-16,457726-ST,4.70,5.70,1,-17%,2026-09-19
2026-09-16,451932-ST,16.80,21.00,1,-20%,2026-09-19
2026-09-16,454985-Z06,11.80,17.10,1,-30%,2026-09-19
2026-09-16,60693-ST,9.70,12.00,1,-19%,2026-09-19
2026-09-16,64211-KG,10.00,16.10,1,-37%,2026-09-19
2026-09-16,457389-PAK,4.95,6.20,1,-20%,2026-09-19
2026-09-16,458968-ST,12.30,15.90,1,-22%,2026-09-19
2026-09-16,459807-ZSA,11.80,13.50,1,-12%,2026-09-19
2026-09-16,451931-ST,17.30,21.80,1,-20%,2026-09-19
2026-09-16,457176-PAK,10.50,15.60,1,-32%,2026-09-19
2026-09-16,417213-ZSA,15.50,19.40,1,-20%,2026-09-19
2026-09-16,458392-KG,10.90,14.20,1,-23%,2026-09-19
2026-09-16,70076-ST,31.90,40.00,1,-20%,2026-09-19
2026-09-16,458494-ZSA,8.90,12.50,1,-28%,2026-09-19
2026-09-16,451933-ST,17.90,22.80,1,-21%,2026-09-19
2026-09-16,12768-ST,10.40,13.00,1,-20%,2026-09-19
2026-09-16,456198-ST,19.40,29.00,1,-33%,2026-09-19
2026-09-16,49245-ST,16.90,21.20,1,-20%,2026-09-19
2026-09-16,449047-ST,8.70,10.60,1,-17%,2026-09-19
2026-09-16,444317-KG,10.20,13.70,1,-25%,2026-09-19
2026-09-16,47663-KG,10.60,15.30,1,-30%,2026-09-19
2026-09-16,49014-KG,21.00,27.80,1,-24%,2026-09-19
2026-09-16,458323-Z06,11.80,17.10,1,-30%,2026-09-19
2026-09-16,416781-KG,16.20,20.40,1,-20%,2026-09-19
2026-09-16,60505-KG,19.70,23.40,1,-15%,2026-09-19
2026-09-16,45880-KG,14.80,18.90,1,-21%,2026-09-19
2026-09-16,83257-ST,13.30,17.90,1,-25%,2026-09-19
2026-09-16,79015-ST,12.20,14.90,1,-18%,2026-09-19
2026-09-16,55418-ST,11.50,14.60,1,-21%,2026-09-19
2026-09-16,455261-ST,45.20,57.00,1,-20%,2026-09-19
2026-09-16,74121-Z08,19.00,23.80,1,-20%,2026-09-19
2026-09-16,31952-PAK,11.50,14.40,1,-20%,2026-09-19
2026-09-16,457664-ST,12.90,15.80,1,-18%,2026-09-19
2026-09-16,26134-ST,12.80,16.20,1,-20%,2026-09-19
2026-09-16,81866-ST,13.90,20.40,1,-31%,2026-09-19
2026-09-16,55411-ST,9.40,11.30,1,-16%,2026-09-19
2026-09-16,456132-ST,9.80,12.80,1,-23%,2026-09-19
2026-09-16,50324-PAK,11.50,14.10,1,-18%,2026-09-19
2026-09-16,458537-ST,14.30,18.80,1,-23%,2026-09-19
2026-09-16,460020-ST,3.90,5.40,1,-27%,2026-09-19
2026-09-16,217625-ZFL,9.80,11.20,1,-12%,2026-09-19
2026-09-16,456473-ZSA,11.20,14.20,1,-21%,2026-09-19
2026-09-16,417223-ZSA,18.40,21.40,1,-14%,2026-09-19
2026-09-16,459953-ST,4.40,5.60,1,-21%,2026-09-19
2026-09-16,69037-ST,25.30,30.60,1,-17%,2026-09-19
2026-09-16,446187-KG,33.80,41.20,1,-17%,2026-09-19
2026-09-16,456604-ST,21.70,30.80,1,-29%,2026-09-19
2026-09-16,459952-ST,4.40,5.60,1,-21%,2026-09-19
2026-09-16,45879-KG,14.60,17.70,1,-17%,2026-09-19
2026-09-16,458838-ZSA,21.75,29.00,1,-25%,2026-09-19
2026-09-16,457797-Z24,17.90,22.80,1,-21%,2026-09-19
2026-09-16,449824-ZSA,24.90,35.40,1,-29%,2026-09-19
2026-09-16,460444-Z10,22.20,27.80,1,-20%,2026-09-19
2026-09-16,460664-ST,13.50,15.90,1,-15%,2026-09-19
2026-09-16,460718-ST,9.10,11.40,1,-20%,2026-09-19
2026-09-16,456389-KG,25.00,32.20,1,-22%,2026-09-19
2026-09-16,460445-Z10,22.20,27.80,1,-20%,2026-09-19
2026-09-16,459820-Z60,49.00,64.00,1,-23%,2026-09-19
2026-09-16,460667-KG,32.50,38.00,1,-14%,2026-09-19
2026-09-16,460621-KG,24.60,31.40,1,-21%,2026-09-19
2026-09-16,12276-ST,2.30,3.20,1,-28%,2026-09-19
2026-09-16,78506-PAK,2.50,3.70,1,-32%,2026-09-19
2026-09-16,82505-PAK,2.00,2.40,1,-16%,2026-09-19
2026-09-16,78505-PAK,2.50,3.70,1,-32%,2026-09-19
2026-09-16,79132-PAK,2.80,3.40,1,-17%,2026-09-19
2026-09-16,58587-PAK,3.20,3.60,1,-11%,2026-09-19
2026-09-16,451653-PAK,3.90,4.40,1,-11%,2026-09-19
2026-09-16,162146-ZSA,13.30,16.50,1,-19%,2026-09-19
2026-09-16,5353-ZCO,13.90,17.90,1,-22%,2026-09-19
2026-09-16,81777-PAK,2.80,3.40,1,-17%,2026-09-19
2026-09-16,41446-ZBO,4.40,4.90,1,-10%,2026-09-19
2026-09-16,3353-ZSA,16.40,20.80,1,-21%,2026-09-19
2026-09-16,408132-PAK,3.40,3.80,1,-10%,2026-09-19
2026-09-16,451332-Z10,3.95,4.90,1,-19%,2026-09-19
2026-09-16,37418-ST,4.10,4.90,1,-16%,2026-09-19
2026-09-16,450735-PAK,5.50,6.50,1,-15%,2026-09-19
2026-09-16,61425-PAK,5.90,6.90,1,-14%,2026-09-19
2026-09-16,37417-ST,4.10,4.90,1,-16%,2026-09-19
2026-09-16,66798-ZSA,5.80,6.90,1,-15%,2026-09-19
2026-09-16,72363-ZFL,5.20,6.50,1,-20%,2026-09-19
2026-09-16,26959-ZSA,7.10,7.90,1,-10%,2026-09-19
2026-09-16,162144-ZSA,10.20,11.40,1,-10%,2026-09-19
2026-09-16,33715-PAK,15.90,17.90,1,-11%,2026-09-19
2026-09-16,56904-PAK,4.70,5.30,1,-11%,2026-09-19
2026-09-16,59825-PAK,5.10,5.70,1,-10%,2026-09-19
2026-09-16,162148-ZSA,19.90,22.80,1,-12%,2026-09-19
2026-09-16,457210-PAK,4.60,5.20,1,-11%,2026-09-19
2026-09-16,45970-ZSA,13.90,18.40,1,-24%,2026-09-19
2026-09-16,83204-PAK,11.80,13.90,1,-15%,2026-09-19
2026-09-16,408035-ZBO,4.20,4.70,1,-10%,2026-09-19
2026-09-16,454847-PAK,6.20,6.90,1,-10%,2026-09-19
2026-09-16,7473-PAK,5.00,5.90,1,-15%,2026-09-19
2026-09-16,457208-PAK,3.50,3.90,1,-10%,2026-09-19
2026-09-16,66978-ZSA,5.50,6.50,1,-15%,2026-09-19
2026-09-16,457209-PAK,6.20,6.90,1,-10%,2026-09-19
2026-09-16,162136-ZSA,17.90,19.90,1,-10%,2026-09-19
2026-09-16,412250-Z03,5.90,6.90,1,-14%,2026-09-19
2026-09-16,22752-ZSA,6.20,6.90,1,-10%,2026-09-19
2026-09-16,48697-ZBO,4.40,4.90,1,-10%,2026-09-19
2026-09-16,41609-ZSA,10.30,11.50,1,-10%,2026-09-19
2026-09-16,452420-ZBO,6.20,6.90,1,-10%,2026-09-19
2026-09-16,69242-ZBO,4.40,4.90,1,-10%,2026-09-19
2026-09-16,77397-PAK,4.30,4.80,1,-10%,2026-09-19
2026-09-16,82261-PAK,4.30,4.80,1,-10%,2026-09-19
2026-09-16,36633-PAK,5.40,6.40,1,-15%,2026-09-19
2026-09-16,72127-ST,8.90,9.90,1,-10%,2026-09-19
2026-09-16,454848-Z04,9.10,10.20,1,-10%,2026-09-19
2026-09-16,450736-PAK,5.50,6.50,1,-15%,2026-09-19
2026-09-16,18571-ZSA,15.90,17.90,1,-11%,2026-09-19
2026-09-16,162105-Z03,10.70,11.90,1,-10%,2026-09-19
2026-09-16,67418-ZSE,15.90,19.90,1,-20%,2026-09-19
2026-09-16,445978-ZSA,13.20,15.50,1,-14%,2026-09-19
2026-09-16,61535-ST,6.20,6.90,1,-10%,2026-09-19
2026-09-16,445217-PAK,2.60,3.10,1,-16%,2026-09-19
2026-09-16,42190-PAK,5.00,5.90,1,-15%,2026-09-19
2026-09-16,61536-ST,13.40,14.90,1,-10%,2026-09-19
2026-09-16,162142-ZSA,10.90,12.30,1,-11%,2026-09-19
2026-09-16,445976-ZSA,13.90,17.90,1,-22%,2026-09-19
2026-09-16,48633-ZSA,8.40,9.90,1,-15%,2026-09-19
2026-09-16,73142-PAK,4.10,4.90,1,-16%,2026-09-19
2026-09-16,63357-PAK,6.20,7.30,1,-15%,2026-09-19
2026-09-16,42568-ZBO,6.30,7.90,1,-20%,2026-09-19
2026-09-16,2810-Z25,10.10,13.80,1,-26%,2026-09-19
2026-09-16,49695-ZSA,15.90,19.90,1,-20%,2026-09-19
2026-09-16,142408-ZSA,15.20,17.90,1,-15%,2026-09-19
2026-09-16,455199-Z04,9.10,10.20,1,-10%,2026-09-19
2026-09-16,30604-PAK,7.50,8.90,1,-15%,2026-09-19
2026-09-16,162115-ZSA,9.80,10.90,1,-10%,2026-09-19
2026-09-16,48696-ZBO,4.40,4.90,1,-10%,2026-09-19
2026-09-16,162126-ZSA,14.80,16.50,1,-10%,2026-09-19
2026-09-16,73141-PAK,4.10,4.90,1,-16%,2026-09-19
2026-09-16,42566-ZBO,5.30,6.70,1,-20%,2026-09-19
2026-09-16,72135-ST,3.20,3.60,1,-11%,2026-09-19
2026-09-16,162106-Z03,7.50,8.40,1,-10%,2026-09-19
2026-09-16,76298-PAK,4.10,4.90,1,-16%,2026-09-19
2026-09-16,42564-ZBO,4.60,5.80,1,-20%,2026-09-19
2026-09-16,453847-ZTU,3.70,4.20,1,-11%,2026-09-19
2026-09-16,455641-PAK,3.00,3.40,1,-11%,2026-09-19
2026-09-16,49438-PAK,5.70,6.70,1,-14%,2026-09-19
2026-09-16,81041-ZSA,6.20,6.90,1,-10%,2026-09-19
2026-09-16,162120-Z03,15.70,17.50,1,-10%,2026-09-19
2026-09-16,455642-PAK,2.90,3.30,1,-12%,2026-09-19
2026-09-16,454778-ZSA,9.80,10.90,1,-10%,2026-09-19
2026-09-16,79295-PAK,2.60,3.10,1,-16%,2026-09-19
2026-09-16,452686-ZSA,6.10,7.90,1,-22%,2026-09-19
2026-09-16,453973-ZBE,5.90,6.60,1,-10%,2026-09-19
2026-09-16,27296-ZBO,12.30,13.70,1,-10%,2026-09-19
2026-09-16,162145-ZSA,27.60,30.80,1,-10%,2026-09-19
2026-09-16,142407-PAK,6.10,7.20,1,-15%,2026-09-19
2026-09-16,162900-ZSA,11.20,12.50,1,-10%,2026-09-19
2026-09-16,162137-ZSA,18.70,20.80,1,-10%,2026-09-19
2026-09-16,3352-ZSA,56.00,67.00,1,-16%,2026-09-19
2026-09-16,162149-Z03,7.90,8.90,1,-11%,2026-09-19
2026-09-16,162113-Z03,7.90,8.80,1,-10%,2026-09-19
2026-09-16,30602-PAK,7.50,8.90,1,-15%,2026-09-19
2026-09-16,162127-ZSA,16.90,18.90,1,-10%,2026-09-19
2026-09-16,49694-ZSA,49.00,59.00,1,-16%,2026-09-19
2026-09-16,452191-ZSE,23.80,27.80,1,-14%,2026-09-19
2026-09-16,72132-ST,3.20,3.60,1,-11%,2026-09-19
2026-09-16,30605-PAK,13.50,15.90,1,-15%,2026-09-19
2026-09-16,445979-ZSA,14.80,17.50,1,-15%,2026-09-19
2026-09-16,449059-PAK,17.80,21.00,1,-15%,2026-09-19
2026-09-16,162124-ZSA,24.80,27.80,1,-10%,2026-09-19
2026-09-16,448139-ST,5.80,7.30,1,-20%,2026-09-19
2026-09-16,457686-ZSA,4.60,5.50,1,-16%,2026-09-19
2026-09-16,162150-Z03,6.20,6.90,1,-10%,2026-09-19
2026-09-16,42567-ZBO,5.90,7.50,1,-21%,2026-09-19
2026-09-16,459024-ZBO,6.20,6.90,1,-10%,2026-09-19
2026-09-16,455636-PAK,4.40,4.90,1,-10%,2026-09-19
2026-09-16,72136-ST,4.40,4.90,1,-10%,2026-09-19
2026-09-16,5354-ZCO,21.80,24.80,1,-12%,2026-09-19
2026-09-16,49252-ZSA,15.20,17.90,1,-15%,2026-09-19
2026-09-16,162094-Z03,10.70,11.90,1,-10%,2026-09-19
2026-09-16,162141-ZSA,13.40,14.90,1,-10%,2026-09-19
2026-09-16,457891-PAK,25.00,29.80,1,-16%,2026-09-19
2026-09-16,417339-100,18.90,25.80,1,-26%,2026-09-19
2026-09-16,57715-Z05,11.60,12.90,1,-10%,2026-09-19
2026-09-16,449798-PAK,14.70,17.30,1,-15%,2026-09-19
2026-09-16,455637-PAK,4.40,4.90,1,-10%,2026-09-19
2026-09-16,449057-PAK,19.50,23.00,1,-15%,2026-09-19
2026-09-16,457373-ST,3.80,4.90,1,-22%,2026-09-19
2026-09-16,459030-Z02,6.60,7.40,1,-10%,2026-09-19
2026-09-16,455644-PAK,7.10,7.90,1,-10%,2026-09-19
2026-09-16,458138-ZSE,23.80,29.80,1,-20%,2026-09-19
2026-09-16,455645-ZBE,12.90,16.40,1,-21%,2026-09-19
2026-09-16,30603-PAK,7.50,8.90,1,-15%,2026-09-19
2026-09-16,455639-PAK,4.40,4.90,1,-10%,2026-09-19
2026-09-16,455640-PAK,4.40,4.90,1,-10%,2026-09-19
2026-09-16,455638-PAK,4.40,4.90,1,-10%,2026-09-19
2026-09-16,457798-PAK,21.00,24.80,1,-15%,2026-09-19
2026-09-16,73810-ZSE,45.80,51.00,1,-10%,2026-09-19
2026-09-16,455633-ZBI,17.00,18.90,1,-10%,2026-09-19
2026-09-16,411788-PAK,35.80,44.80,1,-20%,2026-09-19
2026-09-16,40914-PAK,17.90,19.90,1,-10%,2026-09-19
2026-09-16,7946-ZSA,12.60,14.90,1,-15%,2026-09-19
2026-09-16,7937-ZSA,12.60,14.90,1,-15%,2026-09-19
2026-09-16,454751-ZBE,14.90,18.90,1,-21%,2026-09-19
2026-09-16,446057-ZBI,17.90,19.90,1,-10%,2026-09-19
2026-09-16,7939-ZSA,13.50,15.90,1,-15%,2026-09-19
2026-09-16,455627-ZBE,12.50,13.90,1,-10%,2026-09-19
2026-09-16,455629-ZBE,12.50,13.90,1,-10%,2026-09-19
2026-09-16,53768-ZBE,19.30,22.80,1,-15%,2026-09-19
2026-09-16,460240-Z10,22.80,28.60,1,-20%,2026-09-19
2026-09-16,459900-Z12,18.30,23.00,1,-20%,2026-09-19
2026-09-16,59981-ZSE,12.50,13.90,1,-10%,2026-09-19
2026-09-16,457892-ZSA,13.90,15.50,1,-10%,2026-09-19
2026-09-16,455634-ZBI,16.80,18.70,1,-10%,2026-09-19
2026-09-16,450289-KAR,54.00,60.00,1,-10%,2026-09-19
2026-09-16,7938-ZSA,13.90,16.50,1,-15%,2026-09-19
2026-09-16,73465-Z20,73.00,82.00,1,-10%,2026-09-19
2026-09-16,161632-ZSE,29.40,32.80,1,-10%,2026-09-19
2026-09-16,455632-ZSE,25.00,27.80,1,-10%,2026-09-19
2026-09-16,456131-Z02,47.00,59.50,1,-21%,2026-09-19
2026-09-16,160314-ZBE,30.40,35.80,1,-15%,2026-09-19
2026-09-16,460440-ST,16.90,21.80,1,-22%,2026-09-19
2026-09-16,453930-Z20,71.00,79.00,1,-10%,2026-09-19
2026-09-16,161631-ZSE,57.00,68.00,1,-16%,2026-09-19
2026-09-16,460443-Z56,46.20,58.00,1,-20%,2026-09-19
2026-09-16,457543-PAK,5.95,8.70,1,-31%,2026-09-19
2026-09-16,445030-PAK,5.95,8.70,1,-31%,2026-09-19
2026-09-16,455290-PAK,5.90,7.90,1,-25%,2026-09-19
2026-09-16,448041-PAK,5.95,8.70,1,-31%,2026-09-19
2026-09-16,453365-PAK,5.10,7.90,1,-35%,2026-09-19
2026-09-16,80476-Z16,30.70,43.80,1,-29%,2026-09-19
2026-09-16,56003-ST,15.30,19.80,1,-22%,2026-09-19
2026-09-16,63197-ST,15.30,19.80,1,-22%,2026-09-19
2026-09-16,459725-PAK,5.95,8.70,1,-31%,2026-09-19
2026-09-16,459492-ST,5.90,7.90,1,-25%,2026-09-19
2026-09-16,56001-ST,15.30,19.80,1,-22%,2026-09-19
2026-09-16,459493-ST,5.90,7.90,1,-25%,2026-09-19
2026-09-16,80475-Z16,30.70,39.00,1,-21%,2026-09-19
2026-09-16,56002-ST,15.30,19.80,1,-22%,2026-09-19
2026-09-16,56004-ST,15.30,19.80,1,-22%,2026-09-19
2026-09-16,66361-ST,22.50,28.20,1,-20%,2026-09-19
2026-09-16,56000-ST,15.30,19.80,1,-22%,2026-09-19
2026-09-16,84464-Z10,30.40,32.40,1,-6%,2026-09-19
2026-09-16,453057-Z20,42.90,57.00,1,-24%,2026-09-19
2026-09-16,453082-Z24,41.00,56.50,1,-27%,2026-09-19
2026-09-16,453079-Z24,41.00,56.50,1,-27%,2026-09-19
2026-09-16,453081-Z24,41.00,56.50,1,-27%,2026-09-19
2026-09-16,457630-Z28,40.50,54.00,1,-25%,2026-09-19
2026-09-16,457548-Z20,42.90,57.00,1,-24%,2026-09-19
2026-09-16,457636-Z30,39.80,54.00,1,-26%,2026-09-19
2026-09-16,457561-Z36,40.80,51.00,1,-20%,2026-09-19
2026-09-16,459719-Z20,42.90,57.00,1,-24%,2026-09-19
2026-09-16,39320-Z24,13.90,19.90,1,-30%,2026-09-19
2026-09-16,121504-Z06,4.10,6.90,1,-40%,2026-09-19
2026-09-16,48018-Z06,7.90,12.60,1,-37%,2026-09-19
2026-09-16,71339-Z24,19.90,26.80,1,-25%,2026-09-19
2026-09-16,6148-PAK,19.90,24.80,1,-19%,2026-09-19
2026-09-16,49978-Z06,11.90,15.90,1,-25%,2026-09-19
2026-09-16,70572-Z24,7.90,9.90,1,-20%,2026-09-19
2026-09-16,134111-ZBE,7.90,8.90,1,-11%,2026-09-19
2026-09-16,455227-Z18,13.80,19.90,1,-30%,2026-09-19
2026-09-16,455301-PAK,13.50,17.20,1,-21%,2026-09-19
2026-09-16,71332-ZSA,11.60,13.70,1,-15%,2026-09-19
2026-09-16,79992-Z06,8.50,12.30,1,-30%,2026-09-19
2026-09-16,69215-Z06,4.20,5.20,1,-19%,2026-09-19
2026-09-16,131004-ZBO,11.50,14.90,1,-22%,2026-09-19
2026-09-16,62788-Z06,9.70,11.50,1,-15%,2026-09-19
2026-09-16,41447-ZBE,7.90,8.90,1,-11%,2026-09-19
2026-09-16,6149-PAK,19.90,24.80,1,-19%,2026-09-19
2026-09-16,408139-PAK,4.60,5.20,1,-11%,2026-09-19
2026-09-16,79991-Z06,8.50,12.30,1,-30%,2026-09-19
2026-09-16,70524-Z06,7.90,12.60,1,-37%,2026-09-19
2026-09-16,48881-ZSA,7.10,7.90,1,-10%,2026-09-19
2026-09-16,31500-Z24,29.00,39.80,1,-27%,2026-09-19
2026-09-16,451618-Z24,19.90,24.00,1,-17%,2026-09-19
2026-09-16,61850-PAK,19.90,25.80,1,-22%,2026-09-19
2026-09-16,134209-ZBE,9.50,10.60,1,-10%,2026-09-19
2026-09-16,62785-Z06,7.50,8.90,1,-15%,2026-09-19
2026-09-16,61854-Z04,19.90,23.80,1,-16%,2026-09-19
2026-09-16,10826-ZBO,8.00,8.90,1,-10%,2026-09-19
2026-09-16,451619-Z24,30.80,42.00,1,-26%,2026-09-19
2026-09-16,447207-PAK,2.70,3.20,1,-15%,2026-09-19
2026-09-16,122338-Z24,16.50,23.80,1,-30%,2026-09-19
2026-09-16,452203-PAK,3.30,3.90,1,-15%,2026-09-19
2026-09-16,452199-PAK,13.30,16.90,1,-21%,2026-09-19
2026-09-16,26266-PAK,4.90,5.50,1,-10%,2026-09-19
2026-09-16,450333-PAK,23.60,27.80,1,-15%,2026-09-19
2026-09-16,71331-ZSA,11.60,13.70,1,-15%,2026-09-19
2026-09-16,82880-Z06,7.80,10.90,1,-28%,2026-09-19
2026-09-16,70523-Z06,7.90,12.60,1,-37%,2026-09-19
2026-09-16,51505-Z24,59.00,80.00,1,-26%,2026-09-19
2026-09-16,12127-Z24,25.80,39.80,1,-35%,2026-09-19
2026-09-16,6150-PAK,11.80,13.90,1,-15%,2026-09-19
2026-09-16,133902-ZBE,3.50,3.90,1,-10%,2026-09-19
2026-09-16,73339-ZBE,15.90,18.90,1,-15%,2026-09-19
2026-09-16,131201-ZBO,11.50,14.90,1,-22%,2026-09-19
2026-09-16,445097-Z06,7.80,10.90,1,-28%,2026-09-19
2026-09-16,455299-PAK,3.30,3.90,1,-15%,2026-09-19
2026-09-16,452202-PAK,3.30,3.90,1,-15%,2026-09-19
2026-09-16,82418-Z06,7.70,9.70,1,-20%,2026-09-19
2026-09-16,452200-PAK,13.90,16.50,1,-15%,2026-09-19
2026-09-16,457442-Z06,7.90,12.60,1,-37%,2026-09-19
2026-09-16,43720-ZBE,8.90,9.90,1,-10%,2026-09-19
2026-09-16,447205-PAK,2.70,3.20,1,-15%,2026-09-19
2026-09-16,450341-PAK,3.60,4.30,1,-16%,2026-09-19
2026-09-16,133900-ZBE,3.50,3.90,1,-10%,2026-09-19
2026-09-16,71333-ZSA,11.60,13.70,1,-15%,2026-09-19
2026-09-16,452632-PAK,15.20,17.90,1,-15%,2026-09-19
2026-09-16,62787-Z06,7.70,9.70,1,-20%,2026-09-19
2026-09-16,453297-Z06,7.70,9.70,1,-20%,2026-09-19
2026-09-16,82881-Z06,7.80,10.90,1,-28%,2026-09-19
2026-09-16,131003-ZBO,11.50,14.90,1,-22%,2026-09-19
2026-09-16,452204-PAK,3.30,3.90,1,-15%,2026-09-19
2026-09-16,61853-Z04,22.80,26.80,1,-14%,2026-09-19
2026-09-16,450064-PAK,2.70,3.20,1,-15%,2026-09-19
2026-09-16,71191-BOT,2.70,3.00,1,-10%,2026-09-19
2026-09-16,77128-ZBE,7.90,9.30,1,-15%,2026-09-19
2026-09-16,43216-Z24,22.00,29.80,1,-26%,2026-09-19
2026-09-16,123906-Z06,7.90,9.40,1,-15%,2026-09-19
2026-09-16,447204-PAK,2.70,3.20,1,-15%,2026-09-19
2026-09-16,455856-Z06,7.70,9.70,1,-20%,2026-09-19
2026-09-16,26267-PAK,4.90,5.50,1,-10%,2026-09-19
2026-09-16,450340-PAK,3.60,4.30,1,-16%,2026-09-19
2026-09-16,44958-Z12,8.20,10.30,1,-20%,2026-09-19
2026-09-16,445021-BOT,7.90,9.90,1,-20%,2026-09-19
2026-09-16,6151-Z04,25.80,30.80,1,-16%,2026-09-19
2026-09-16,44960-Z12,7.70,9.70,1,-20%,2026-09-19
2026-09-16,56738-ZBO,7.50,8.90,1,-15%,2026-09-19
2026-09-16,122336-Z24,16.50,23.80,1,-30%,2026-09-19
2026-09-16,26258-ZET,4.50,5.00,1,-10%,2026-09-19
2026-09-16,78717-ZBE,15.90,18.90,1,-15%,2026-09-19
2026-09-16,57982-ZBA,29.60,33.80,1,-12%,2026-09-19
2026-09-16,60431-ZBE,3.50,3.90,1,-10%,2026-09-19
2026-09-16,451845-PAK,2.70,3.20,1,-15%,2026-09-19
2026-09-16,457327-ZBE,25.80,32.80,1,-21%,2026-09-19
2026-09-16,40894-ZSA,12.90,14.60,1,-11%,2026-09-19
2026-09-16,73284-Z12,12.60,14.90,1,-15%,2026-09-19
2026-09-16,131005-ZBO,11.50,14.90,1,-22%,2026-09-19
2026-09-16,450254-PAK,4.50,5.40,1,-16%,2026-09-19
2026-09-16,451846-PAK,2.70,3.20,1,-15%,2026-09-19
2026-09-16,455300-PAK,15.90,18.90,1,-15%,2026-09-19
2026-09-16,69216-Z06,4.20,5.20,1,-19%,2026-09-19
2026-09-16,51034-ZSA,11.20,12.50,1,-10%,2026-09-19
2026-09-16,66868-Z06,14.30,17.90,1,-20%,2026-09-19
2026-09-16,451567-COF,24.80,27.80,1,-10%,2026-09-19
2026-09-16,72663-Z06,7.70,9.70,1,-20%,2026-09-19
2026-09-16,447166-Z06,38.00,43.00,1,-11%,2026-09-19
2026-09-16,456335-PAK,16.90,18.90,1,-10%,2026-09-19
2026-09-16,71185-ZSA,11.90,14.20,1,-16%,2026-09-19
2026-09-16,66869-Z06,17.40,21.80,1,-20%,2026-09-19
2026-09-16,71184-ZSA,13.90,16.50,1,-15%,2026-09-19
2026-09-16,447201-PAK,2.70,3.20,1,-15%,2026-09-19
2026-09-16,456333-PAK,16.90,18.90,1,-10%,2026-09-19
2026-09-16,68403-Z06,23.00,28.00,1,-17%,2026-09-19
2026-09-16,447165-Z06,19.90,22.80,1,-12%,2026-09-19
2026-09-16,457378-Z24,28.80,33.80,1,-14%,2026-09-19
2026-09-16,67871-BOT,4.70,5.90,1,-20%,2026-09-19
2026-09-16,450466-PAK,3.80,4.30,1,-11%,2026-09-19
2026-09-16,455869-ZBE,15.90,18.90,1,-15%,2026-09-19
2026-09-16,455868-ZBE,15.90,18.90,1,-15%,2026-09-19
2026-09-16,66867-Z06,13.90,17.50,1,-20%,2026-09-19
2026-09-16,444538-Z24,25.80,36.80,1,-29%,2026-09-19
2026-09-16,457087-Z06,13.90,17.50,1,-20%,2026-09-19
2026-09-16,450463-PAK,2.80,3.20,1,-12%,2026-09-19
2026-09-16,446773-Z24,26.80,30.80,1,-12%,2026-09-19
2026-09-16,66874-Z06,13.50,16.90,1,-20%,2026-09-19
2026-09-16,447292-Z24,21.80,25.80,1,-15%,2026-09-19
2026-09-16,451747-Z12,37.60,41.80,1,-10%,2026-09-19
2026-09-16,72184-PAK,15.20,17.90,1,-15%,2026-09-19
2026-09-16,67865-BOT,4.70,5.90,1,-20%,2026-09-19
2026-09-16,457831-Z24,16.50,23.80,1,-30%,2026-09-19
2026-09-16,450468-PAK,3.80,4.30,1,-11%,2026-09-19
2026-09-16,71186-PAK,2.90,3.40,1,-14%,2026-09-19
2026-09-16,455736-ZBE,8.70,9.70,1,-10%,2026-09-19
2026-09-16,73278-Z12,12.60,14.90,1,-15%,2026-09-19
2026-09-16,451620-Z24,51.00,65.00,1,-21%,2026-09-19
2026-09-16,82384-PAK,15.20,17.90,1,-15%,2026-09-19
2026-09-16,459407-Z06,7.80,10.90,1,-28%,2026-09-19
2026-09-16,454761-ZBE,6.90,8.90,1,-22%,2026-09-19
2026-09-16,447368-Z06,10.70,11.90,1,-10%,2026-09-19
2026-09-16,44957-Z12,20.40,22.80,1,-10%,2026-09-19
2026-09-16,456334-PAK,16.90,18.90,1,-10%,2026-09-19
2026-09-16,66870-Z06,15.60,19.50,1,-20%,2026-09-19
2026-09-16,455076-Z24,33.00,41.80,1,-21%,2026-09-19
2026-09-16,455358-PAK,2.70,3.20,1,-15%,2026-09-19
2026-09-16,451084-ST,59.00,85.00,1,-30%,2026-09-19
2026-09-16,456384-Z04,24.40,28.80,1,-15%,2026-09-19
2026-09-16,450633-PAK,6.90,8.90,1,-22%,2026-09-19
2026-09-16,459858-Z06,11.90,14.90,1,-20%,2026-09-19
2026-09-16,459911-ZBE,8.50,9.50,1,-10%,2026-09-19
2026-09-16,459914-ZBE,8.50,9.50,1,-10%,2026-09-19
2026-09-16,457086-Z06,15.90,19.90,1,-20%,2026-09-19
2026-09-16,459913-ZBE,8.50,9.50,1,-10%,2026-09-19
2026-09-16,449912-Z06,15.60,19.50,1,-20%,2026-09-19
2026-09-16,77182-Z24,59.00,74.00,1,-20%,2026-09-19
2026-09-16,445326-Z24,59.00,74.00,1,-20%,2026-09-19
2026-09-16,66872-Z06,16.50,20.80,1,-20%,2026-09-19
2026-09-16,457089-Z06,20.60,25.80,1,-20%,2026-09-19
2026-09-16,458901-Z04,28.60,33.80,1,-15%,2026-09-19
2026-09-16,77184-Z24,64.00,80.00,1,-20%,2026-09-19
2026-09-16,59583-Z24,29.60,38.80,1,-23%,2026-09-19
2026-09-16,456230-PAK,10.70,11.90,1,-10%,2026-09-19
2026-09-16,447291-Z24,29.80,35.80,1,-16%,2026-09-19
2026-09-16,450901-Z24,62.00,69.00,1,-10%,2026-09-19
2026-09-16,44971-Z24,40.80,45.40,1,-10%,2026-09-19
2026-09-16,75455-Z24,22.00,29.80,1,-26%,2026-09-19
2026-09-16,459912-ZBE,8.50,9.50,1,-10%,2026-09-19
2026-09-16,454508-Z24,36.80,46.00,1,-20%,2026-09-19
2026-09-16,72573-Z24,54.00,69.00,1,-21%,2026-09-19
2026-09-16,455075-Z06,15.60,19.50,1,-20%,2026-09-19
2026-09-16,450462-PAK,4.90,5.50,1,-10%,2026-09-19
2026-09-16,51240-Z24,41.00,52.00,1,-21%,2026-09-19
2026-09-16,459859-Z06,11.90,14.90,1,-20%,2026-09-19
2026-09-16,459258-Z12,32.00,43.00,1,-25%,2026-09-19
2026-09-16,454762-ZBE,6.90,8.90,1,-22%,2026-09-19
2026-09-16,460213-Z24,16.50,23.80,1,-30%,2026-09-19
2026-09-16,81643-Z24,31.40,35.00,1,-10%,2026-09-19
2026-09-16,134205-ZBE,31.00,34.80,1,-10%,2026-09-19
2026-09-16,457712-ZBE,8.90,9.90,1,-10%,2026-09-19
2026-09-16,73229-Z24,24.60,30.80,1,-20%,2026-09-19
2026-09-16,59709-Z24,45.80,51.00,1,-10%,2026-09-19
2026-09-16,51239-Z24,37.40,47.00,1,-20%,2026-09-19
2026-09-16,455074-Z06,15.60,19.50,1,-20%,2026-09-19
2026-09-16,70577-Z24,23.80,29.80,1,-20%,2026-09-19
2026-09-16,452633-PAK,15.90,18.90,1,-15%,2026-09-19
2026-09-16,447690-Z24,64.00,80.00,1,-20%,2026-09-19
2026-09-16,450634-PAK,9.80,10.90,1,-10%,2026-09-19
2026-09-16,78809-Z12,32.00,43.00,1,-25%,2026-09-19
2026-09-16,78810-Z12,32.00,43.00,1,-25%,2026-09-19
2026-09-16,74836-Z06,13.90,17.50,1,-20%,2026-09-19
2026-09-16,459410-Z24,35.80,39.80,1,-10%,2026-09-19
2026-09-16,459405-Z06,15.60,19.50,1,-20%,2026-09-19
2026-09-16,459797-Z12,21.80,27.80,1,-21%,2026-09-19
2026-09-16,459796-Z12,21.80,27.80,1,-21%,2026-09-19
2026-09-16,70584-Z24,22.00,27.80,1,-20%,2026-09-19
2026-09-16,450635-PAK,10.30,11.50,1,-10%,2026-09-19
2026-09-16,449995-Z24,73.00,93.00,1,-21%,2026-09-19
2026-09-16,63715-Z06,16.00,19.00,1,-15%,2026-09-19
2026-09-16,452086-Z24,57.00,72.00,1,-20%,2026-09-19
2026-09-16,459259-Z12,26.00,35.00,1,-25%,2026-09-19
2026-09-16,457366-Z27,11.90,13.90,1,-14%,2026-09-19
2026-09-16,70586-Z24,23.80,29.80,1,-20%,2026-09-19
2026-09-16,447689-Z24,73.00,93.00,1,-21%,2026-09-19
2026-09-16,459406-Z06,15.60,19.50,1,-20%,2026-09-19
2026-09-16,70573-Z24,24.60,30.80,1,-20%,2026-09-19
2026-09-16,2511-Z06,20.00,27.00,1,-25%,2026-09-19
2026-09-16,458870-Z24,11.90,17.90,1,-33%,2026-09-19
2026-09-16,460319-ZBE,16.90,19.90,1,-15%,2026-09-19
2026-09-16,70587-Z24,22.00,27.80,1,-20%,2026-09-19
2026-09-16,77923-Z24,25.40,31.80,1,-20%,2026-09-19
2026-09-16,8278-Z24,73.00,82.00,1,-10%,2026-09-19
2026-09-16,460214-Z24,16.50,23.80,1,-30%,2026-09-19
2026-09-16,458869-Z24,11.90,17.90,1,-33%,2026-09-19
2026-09-16,460320-ZBE,16.90,19.90,1,-15%,2026-09-19
2026-09-16,54240-Z06,51.00,60.00,1,-15%,2026-09-19
2026-09-16,459973-Z24,48.00,54.00,1,-11%,2026-09-19
2026-09-16,459689-ZBE,9.40,10.50,1,-10%,2026-09-19
2026-09-16,460406-BOT,21.80,24.80,1,-12%,2026-09-19
2026-09-16,460409-BOT,21.80,24.80,1,-12%,2026-09-19
2026-09-16,459683-Z24,57.00,72.00,1,-20%,2026-09-19
2026-09-16,459235-Z24,46.00,58.00,1,-20%,2026-09-19
2026-09-16,459972-Z24,29.80,33.80,1,-11%,2026-09-19
2026-09-16,460616-Z02,12.90,18.50,1,-30%,2026-09-19
2026-09-16,460408-BOT,21.80,24.80,1,-12%,2026-09-19
2026-09-16,24328-L,4.05,4.70,1,-13%,2026-09-19
2026-09-16,78410-ZSA,2.00,2.70,1,-25%,2026-09-19
2026-09-16,141303-BOT,11.40,13.50,1,-15%,2026-09-19
2026-09-16,450270-BOT,1.40,1.60,1,-12%,2026-09-19
2026-09-16,51921-Z05,8.30,11.30,1,-26%,2026-09-19
2026-09-16,413503-ZBO,4.40,5.20,1,-15%,2026-09-19
2026-09-16,59798-Z03,13.50,15.90,1,-15%,2026-09-19
2026-09-16,77764-Z05,6.30,7.90,1,-20%,2026-09-19
2026-09-16,76531-ZFL,4.40,5.60,1,-21%,2026-09-19
2026-09-16,46448-ZBO,7.50,8.90,1,-15%,2026-09-19
2026-09-16,79706-Z05,7.00,7.90,1,-11%,2026-09-19
2026-09-16,77762-Z05,7.00,7.90,1,-11%,2026-09-19
2026-09-16,3902-ZSA,14.90,19.90,1,-25%,2026-09-19
2026-09-16,73066-Z04,7.40,10.50,1,-29%,2026-09-19
2026-09-16,47234-BOT,7.50,9.90,1,-24%,2026-09-19
2026-09-16,144205-ZSA,19.50,23.00,1,-15%,2026-09-19
2026-09-16,77071-ZFL,4.40,5.60,1,-21%,2026-09-19
2026-09-16,66604-BAG,21.00,27.00,1,-22%,2026-09-19
2026-09-16,73074-Z04,7.40,10.50,1,-29%,2026-09-19
2026-09-16,73191-Z02,11.00,13.90,1,-20%,2026-09-19
2026-09-16,63693-ZBO,4.00,4.60,1,-13%,2026-09-19
2026-09-16,60212-ZBE,5.00,5.60,1,-10%,2026-09-19
2026-09-16,450528-ZGO,1.60,1.95,1,-17%,2026-09-19
2026-09-16,23686-ZBO,7.50,9.90,1,-24%,2026-09-19
2026-09-16,30545-ZBO,4.50,5.00,1,-10%,2026-09-19
2026-09-16,73073-Z04,7.40,10.50,1,-29%,2026-09-19
2026-09-16,5532-ZBO,3.30,3.80,1,-13%,2026-09-19
2026-09-16,73076-Z04,7.40,10.50,1,-29%,2026-09-19
2026-09-16,33388-Z03,7.30,9.40,1,-22%,2026-09-19
2026-09-16,22178-ZSA,10.90,13.80,1,-21%,2026-09-19
2026-09-16,22180-ZSA,9.80,10.90,1,-10%,2026-09-19
2026-09-16,74491-Z03,19.40,24.40,1,-20%,2026-09-19
2026-09-16,71846-Z05,9.40,11.80,1,-20%,2026-09-19
2026-09-16,25410-ZSA,5.90,8.00,1,-26%,2026-09-19
2026-09-16,73071-Z04,7.40,10.50,1,-29%,2026-09-19
2026-09-16,5533-ZSA,9.40,10.50,1,-10%,2026-09-19
2026-09-16,151334-Z06,5.90,6.60,1,-10%,2026-09-19
2026-09-16,76533-ZFL,4.40,5.60,1,-21%,2026-09-19
2026-09-16,61728-ZBO,3.30,3.90,1,-15%,2026-09-19
2026-09-16,455366-ZBE,3.90,4.90,1,-20%,2026-09-19
2026-09-16,450530-ZGO,1.60,1.95,1,-17%,2026-09-19
2026-09-16,447730-ZSA,5.90,8.00,1,-26%,2026-09-19
2026-09-16,23818-BOT,10.80,12.80,1,-15%,2026-09-19
2026-09-16,68338-ZBE,9.90,11.30,1,-12%,2026-09-19
2026-09-16,50428-BAG,29.00,43.80,1,-33%,2026-09-19
2026-09-16,76536-ZFL,4.40,5.60,1,-21%,2026-09-19
2026-09-16,450536-PAK,6.20,6.90,1,-10%,2026-09-19
2026-09-16,194-Z03,11.00,12.50,1,-12%,2026-09-19
2026-09-16,77072-ZFL,4.40,5.60,1,-21%,2026-09-19
2026-09-16,450040-Z03,11.90,14.00,1,-15%,2026-09-19
2026-09-16,450534-PAK,4.20,4.70,1,-10%,2026-09-19
2026-09-16,22185-ZSA,11.40,12.70,1,-10%,2026-09-19
2026-09-16,457217-Z05,13.50,15.00,1,-10%,2026-09-19
2026-09-16,73078-Z04,7.40,10.50,1,-29%,2026-09-19
2026-09-16,78355-BOT,11.50,12.80,1,-10%,2026-09-19
2026-09-16,145302-Z03,5.40,6.40,1,-15%,2026-09-19
2026-09-16,48705-BOT,10.90,13.90,1,-21%,2026-09-19
2026-09-16,452251-BOT,15.90,17.80,1,-10%,2026-09-19
2026-09-16,81518-ZES,33.60,45.00,1,-25%,2026-09-19
2026-09-16,81892-BOT,3.00,3.50,1,-14%,2026-09-19
2026-09-16,67876-BOT,7.10,8.90,1,-20%,2026-09-19
2026-09-16,21460-ZSA,10.70,11.90,1,-10%,2026-09-19
2026-09-16,72433-Z03,14.00,16.50,1,-15%,2026-09-19
2026-09-16,25412-ZSA,5.90,8.00,1,-26%,2026-09-19
2026-09-16,451328-BOT,6.80,8.50,1,-20%,2026-09-19
2026-09-16,77480-BAG,19.90,23.80,1,-16%,2026-09-19
2026-09-16,76532-ZFL,4.40,5.60,1,-21%,2026-09-19
2026-09-16,40898-ZES,52.00,65.00,1,-20%,2026-09-19
2026-09-16,73192-Z03,21.80,25.60,1,-14%,2026-09-19
2026-09-16,84185-ZBO,3.90,4.90,1,-20%,2026-09-19
2026-09-16,449603-ZSA,27.40,34.40,1,-20%,2026-09-19
2026-09-16,146527-ZBE,10.90,12.90,1,-15%,2026-09-19
2026-09-16,65043-Z03,7.30,9.40,1,-22%,2026-09-19
2026-09-16,67933-ZBE,7.40,9.90,1,-25%,2026-09-19
2026-09-16,455818-ZBO,3.30,3.90,1,-15%,2026-09-19
2026-09-16,451208-BAG,6.90,8.80,1,-21%,2026-09-19
2026-09-16,453362-BAG,15.90,19.90,1,-20%,2026-09-19
2026-09-16,444732-ZBO,5.80,6.50,1,-10%,2026-09-19
2026-09-16,72434-BAG,37.60,49.00,1,-23%,2026-09-19
2026-09-16,55169-Z04,2.40,2.90,1,-17%,2026-09-19
2026-09-16,56152-PAK,3.70,4.20,1,-11%,2026-09-19
2026-09-16,31012-ZBO,4.40,4.90,1,-10%,2026-09-19
2026-09-16,3097-ZSA,20.00,26.00,1,-23%,2026-09-19
2026-09-16,72512-BAG,30.60,38.80,1,-21%,2026-09-19
2026-09-16,67936-ZBE,5.50,6.90,1,-20%,2026-09-19
2026-09-16,54456-Z02,14.30,16.90,1,-15%,2026-09-19
2026-09-16,23687-ZBO,13.90,16.90,1,-17%,2026-09-19
2026-09-16,21458-ZSA,9.70,10.80,1,-10%,2026-09-19
2026-09-16,453254-Z03,7.90,9.40,1,-15%,2026-09-19
2026-09-16,445585-PAK,3.70,4.20,1,-11%,2026-09-19
2026-09-16,451327-BOT,6.80,8.50,1,-20%,2026-09-19
2026-09-16,456806-ST,5.70,7.20,1,-20%,2026-09-19
2026-09-16,1045-ZSA,22.80,27.00,1,-15%,2026-09-19
2026-09-16,454555-ZBI,16.70,25.80,1,-35%,2026-09-19
2026-09-16,54457-Z02,5.50,7.00,1,-21%,2026-09-19
2026-09-16,73193-Z03,18.50,21.80,1,-15%,2026-09-19
2026-09-16,66608-ZES,8.90,11.20,1,-20%,2026-09-19
2026-09-16,75338-ZBE,8.70,10.90,1,-20%,2026-09-19
2026-09-16,455829-ZBO,6.60,9.40,1,-29%,2026-09-19
2026-09-16,453251-Z03,7.90,9.40,1,-15%,2026-09-19
2026-09-16,27538-Z03,7.30,9.40,1,-22%,2026-09-19
2026-09-16,81896-ZBO,7.40,8.30,1,-10%,2026-09-19
2026-09-16,3901-ZSA,11.90,14.00,1,-15%,2026-09-19
2026-09-16,450531-ZGO,1.60,1.95,1,-17%,2026-09-19
2026-09-16,450979-ZBO,9.20,10.90,1,-15%,2026-09-19
2026-09-16,453250-Z03,7.40,8.70,1,-14%,2026-09-19
2026-09-16,21480-ZBE,26.80,39.80,1,-32%,2026-09-19
2026-09-16,81311-BAG,10.90,14.80,1,-26%,2026-09-19
2026-09-16,72366-ZBE,12.60,14.90,1,-15%,2026-09-19
2026-09-16,27539-Z03,7.30,9.40,1,-22%,2026-09-19
2026-09-16,84186-ZBE,6.30,7.90,1,-20%,2026-09-19
2026-09-16,451523-ZBE,10.40,13.20,1,-21%,2026-09-19
2026-09-16,67929-Z06,14.80,17.50,1,-15%,2026-09-19
2026-09-16,71153-ZBO,14.00,15.60,1,-10%,2026-09-19
2026-09-16,83176-Z05,6.90,7.70,1,-10%,2026-09-19
2026-09-16,67931-ZBE,7.90,9.90,1,-20%,2026-09-19
2026-09-16,59771-BAG,18.90,22.80,1,-17%,2026-09-19
2026-09-16,32030-ZBO,12.90,14.40,1,-10%,2026-09-19
2026-09-16,50278-BAG,29.60,38.60,1,-23%,2026-09-19
2026-09-16,77759-Z05,10.70,11.90,1,-10%,2026-09-19
2026-09-16,81308-BAG,10.90,14.80,1,-26%,2026-09-19
2026-09-16,55373-ZBI,17.90,25.00,1,-28%,2026-09-19
2026-09-16,456742-BOT,6.80,8.50,1,-20%,2026-09-19
2026-09-16,46177-Z04,2.40,2.90,1,-17%,2026-09-19
2026-09-16,41268-ZBE,11.80,13.90,1,-15%,2026-09-19
2026-09-16,457741-Z03,7.90,9.40,1,-15%,2026-09-19
2026-09-16,46171-Z04,2.40,2.90,1,-17%,2026-09-19
2026-09-16,60213-ZSA,15.90,18.20,1,-12%,2026-09-19
2026-09-16,4164-ZBE,5.90,6.70,1,-11%,2026-09-19
2026-09-16,81309-BAG,10.90,14.80,1,-26%,2026-09-19
2026-09-16,453253-Z03,7.90,9.40,1,-15%,2026-09-19
2026-09-16,81307-BAG,10.90,14.80,1,-26%,2026-09-19
2026-09-16,46172-Z04,2.40,2.90,1,-17%,2026-09-19
2026-09-16,455825-ZBO,6.00,8.70,1,-31%,2026-09-19
2026-09-16,59770-BAG,14.90,17.90,1,-16%,2026-09-19
2026-09-16,458836-Z12,26.00,31.00,1,-16%,2026-09-19
2026-09-16,458834-Z06,21.80,25.80,1,-15%,2026-09-19
2026-09-16,81310-BAG,10.90,14.80,1,-26%,2026-09-19
2026-09-16,42588-ZBE,6.70,7.90,1,-15%,2026-09-19
2026-09-16,71149-ZBO,19.90,26.00,1,-23%,2026-09-19
2026-09-16,459762-ZBO,4.80,5.40,1,-11%,2026-09-19
2026-09-16,195-ZBE,17.40,22.00,1,-20%,2026-09-19
2026-09-16,71151-ZBO,16.80,21.00,1,-20%,2026-09-19
2026-09-16,82770-ZSA,28.40,33.80,1,-15%,2026-09-19
2026-09-16,19705-ZSA,25.00,33.40,1,-25%,2026-09-19
2026-09-16,450982-ZBO,34.60,40.80,1,-15%,2026-09-19
2026-09-16,83667-ZBE,9.90,11.90,1,-16%,2026-09-19
2026-09-16,48157-ZSA,23.00,27.60,1,-16%,2026-09-19
2026-09-16,57337-ZSA,17.90,21.60,1,-17%,2026-09-19
2026-09-16,77760-Z05,13.20,16.50,1,-20%,2026-09-19
2026-09-16,77761-Z05,22.00,27.80,1,-20%,2026-09-19
2026-09-16,28103-ZBB,66.00,77.00,1,-14%,2026-09-19
2026-09-16,453252-Z03,7.90,9.40,1,-15%,2026-09-19
2026-09-16,448343-ZBE,7.80,8.70,1,-10%,2026-09-19
2026-09-16,165563-ZSA,18.60,22.00,1,-15%,2026-09-19
2026-09-16,454605-ZBO,21.80,25.80,1,-15%,2026-09-19
2026-09-16,412152-ZBI,42.00,50.00,1,-16%,2026-09-19
2026-09-16,142006-ZSA,28.00,40.00,1,-30%,2026-09-19
2026-09-16,146543-ZBE,16.90,19.90,1,-15%,2026-09-19
2026-09-16,59772-BAG,30.60,38.80,1,-21%,2026-09-19
2026-09-16,448342-ZBE,9.80,10.90,1,-10%,2026-09-19
2026-09-16,71155-ZBO,12.50,13.90,1,-10%,2026-09-19
2026-09-16,71154-ZBO,11.50,12.80,1,-10%,2026-09-19
2026-09-16,83674-ZBE,8.90,10.50,1,-15%,2026-09-19
2026-09-16,75299-ZBE,8.70,10.90,1,-20%,2026-09-19
2026-09-16,146509-ZBE,12.00,14.20,1,-15%,2026-09-19
2026-09-16,62980-ZBE,21.00,24.80,1,-15%,2026-09-19
2026-09-16,31146-ZBE,10.20,14.20,1,-28%,2026-09-19
2026-09-16,83668-ZBE,11.80,13.90,1,-15%,2026-09-19
2026-09-16,449163-ZBE,21.00,24.80,1,-15%,2026-09-19
2026-09-16,449165-ZBE,25.80,28.80,1,-10%,2026-09-19
2026-09-16,459149-ZFL,5.80,6.50,1,-10%,2026-09-19
2026-09-16,457357-PAK,32.50,36.80,1,-11%,2026-09-19
2026-09-16,76178-ZBE,19.80,22.00,1,-10%,2026-09-19
2026-09-16,449166-ZBE,25.80,28.80,1,-10%,2026-09-19
2026-09-16,60672-ZBE,21.00,24.80,1,-15%,2026-09-19
2026-09-16,1453-ZSA,56.00,74.50,1,-24%,2026-09-19
2026-09-16,67934-ZBE,7.90,9.90,1,-20%,2026-09-19
2026-09-16,458303-ZBO,3.70,4.20,1,-11%,2026-09-19
2026-09-16,450042-Z06,15.80,19.60,1,-19%,2026-09-19
2026-09-16,75298-ZBE,9.90,11.90,1,-16%,2026-09-19
2026-09-16,146538-ZBE,17.00,20.00,1,-15%,2026-09-19
2026-09-16,12895-Z06,16.70,19.60,1,-14%,2026-09-19
2026-09-16,455918-ZBE,13.90,16.90,1,-17%,2026-09-19
2026-09-16,451358-ZBO,16.90,19.90,1,-15%,2026-09-19
2026-09-16,71475-ZBO,18.60,26.60,1,-30%,2026-09-19
2026-09-16,455919-ZBE,13.90,16.90,1,-17%,2026-09-19
2026-09-16,1697-ZSA,68.00,90.00,1,-24%,2026-09-19
2026-09-16,66224-Z03,10.90,12.90,1,-15%,2026-09-19
2026-09-16,450983-ZBO,17.60,20.80,1,-15%,2026-09-19
2026-09-16,78183-ZBE,11.80,13.90,1,-15%,2026-09-19
2026-09-16,449164-ZBE,21.00,24.80,1,-15%,2026-09-19
2026-09-16,78988-KAR,13.40,14.90,1,-10%,2026-09-19
2026-09-16,83601-ZBO,37.00,41.60,1,-11%,2026-09-19
2026-09-16,449156-ZBE,10.90,12.20,1,-10%,2026-09-19
2026-09-16,1046-ZSA,47.60,56.00,1,-15%,2026-09-19
2026-09-16,83665-ZBE,9.20,10.90,1,-15%,2026-09-19
2026-09-16,67932-ZBE,9.50,11.90,1,-20%,2026-09-19
2026-09-16,71845-ZBE,25.80,28.80,1,-10%,2026-09-19
2026-09-16,458149-ZBE,23.80,29.80,1,-20%,2026-09-19
2026-09-16,66615-ST,8.90,9.90,1,-10%,2026-09-19
2026-09-16,66225-ZBE,15.90,18.90,1,-15%,2026-09-19
2026-09-16,10631-ZBE,18.90,21.20,1,-10%,2026-09-19
2026-09-16,458140-ZBE,7.90,9.50,1,-16%,2026-09-19
2026-09-16,41270-ZBE,12.70,17.00,1,-25%,2026-09-19
2026-09-16,40871-KAR,37.80,42.00,1,-10%,2026-09-19
2026-09-16,457066-BAG,22.00,27.80,1,-20%,2026-09-19
2026-09-16,458148-ZBE,14.90,17.90,1,-16%,2026-09-19
2026-09-16,145204-ZBB,28.00,35.00,1,-20%,2026-09-19
2026-09-16,454463-ZBO,21.80,27.80,1,-21%,2026-09-19
2026-09-16,457067-BAG,28.80,36.00,1,-20%,2026-09-19
2026-09-16,460584-BOT,4.00,4.60,1,-13%,2026-09-19
2026-09-16,67935-ZBE,10.90,13.90,1,-21%,2026-09-19
2026-09-16,460347-ZBE,12.60,15.90,1,-20%,2026-09-19
2026-09-16,460348-ZBE,10.20,12.90,1,-20%,2026-09-19
2026-09-16,459155-BOT,29.60,37.60,1,-21%,2026-09-19
2026-09-16,458145-ZBE,84.00,99.00,1,-15%,2026-09-19
2026-09-16,62640-ZBE,2.90,3.30,1,-12%,2026-09-19
2026-09-16,62638-ZBE,2.90,3.30,1,-12%,2026-09-19
2026-09-16,136547-Z06,5.90,7.90,1,-25%,2026-09-19
2026-09-16,46969-PAK,3.60,4.90,1,-26%,2026-09-19
2026-09-16,62639-ZBE,2.90,3.30,1,-12%,2026-09-19
2026-09-16,46970-PAK,3.60,4.90,1,-26%,2026-09-19
2026-09-16,62641-ZBE,2.90,3.30,1,-12%,2026-09-19
2026-09-16,62837-Z03,5.80,8.40,1,-30%,2026-09-19
2026-09-16,451509-Z03,6.60,8.90,1,-25%,2026-09-19
2026-09-16,448173-Z02,5.10,5.70,1,-10%,2026-09-19
2026-09-16,455390-ZBE,2.40,3.20,1,-25%,2026-09-19
2026-09-16,162017-ZSA,5.70,7.20,1,-20%,2026-09-19
2026-09-16,57223-Z03,10.30,13.90,1,-25%,2026-09-19
2026-09-16,62568-ZBE,5.40,6.90,1,-21%,2026-09-19
2026-09-16,162005-ZSA,6.90,8.90,1,-22%,2026-09-19
2026-09-16,59857-Z02,4.40,5.20,1,-15%,2026-09-19
2026-09-16,82262-PAK,5.60,7.40,1,-24%,2026-09-19
2026-09-16,80361-PAK,6.40,7.20,1,-11%,2026-09-19
2026-09-16,33237-Z04,9.80,11.60,1,-15%,2026-09-19
2026-09-16,27053-Z04,9.90,13.60,1,-27%,2026-09-19
2026-09-16,451961-Z03,6.60,8.90,1,-25%,2026-09-19
2026-09-16,28556-Z03,8.70,9.70,1,-10%,2026-09-19
2026-09-16,454704-ZBE,4.40,4.90,1,-10%,2026-09-19
2026-09-16,6139-Z06,8.90,10.50,1,-15%,2026-09-19
2026-09-16,137112-Z05,17.50,22.80,1,-23%,2026-09-19
2026-09-16,45478-ST,3.10,3.70,1,-16%,2026-09-19
2026-09-16,454843-PAK,6.40,7.20,1,-11%,2026-09-19
2026-09-16,27799-Z12,10.80,16.50,1,-34%,2026-09-19
2026-09-16,454483-ZPL,7.90,8.90,1,-11%,2026-09-19
2026-09-16,136215-Z02,5.90,6.90,1,-14%,2026-09-19
2026-09-16,56895-Z02,7.30,8.20,1,-10%,2026-09-19
2026-09-16,37816-Z03,12.50,15.90,1,-21%,2026-09-19
2026-09-16,75072-Z02,4.70,5.60,1,-16%,2026-09-19
2026-09-16,10632-ZSA,22.00,29.60,1,-25%,2026-09-19
2026-09-16,73431-ZSA,6.90,8.60,1,-19%,2026-09-19
2026-09-16,454842-PAK,6.20,6.90,1,-10%,2026-09-19
2026-09-16,454841-PAK,6.20,6.90,1,-10%,2026-09-19
2026-09-16,136281-Z03,9.60,11.30,1,-15%,2026-09-19
2026-09-16,138508-ZSA,5.50,6.20,1,-11%,2026-09-19
2026-09-16,454481-ZPL,7.90,8.90,1,-11%,2026-09-19
2026-09-16,62765-ZBE,8.70,10.90,1,-20%,2026-09-19
2026-09-16,65050-Z02,9.90,11.90,1,-16%,2026-09-19
2026-09-16,138104-ZBE,5.70,6.40,1,-10%,2026-09-19
2026-09-16,454846-PAK,6.40,7.20,1,-11%,2026-09-19
2026-09-16,75459-ST,3.10,3.70,1,-16%,2026-09-19
2026-09-16,37815-Z03,12.50,15.90,1,-21%,2026-09-19
2026-09-16,454482-ZPL,7.90,8.90,1,-11%,2026-09-19
2026-09-16,454845-Z02,7.50,8.40,1,-10%,2026-09-19
2026-09-16,72639-Z10,18.90,31.00,1,-39%,2026-09-19
2026-09-16,451921-Z04,9.80,11.60,1,-15%,2026-09-19
2026-09-16,137111-Z05,12.70,15.90,1,-20%,2026-09-19
2026-09-16,454212-ZSA,2.90,3.70,1,-21%,2026-09-19
2026-09-16,456764-Z02,5.10,5.70,1,-10%,2026-09-19
2026-09-16,58447-ZSA,15.90,19.90,1,-20%,2026-09-19
2026-09-16,72640-Z10,18.90,31.00,1,-39%,2026-09-19
2026-09-16,33236-Z04,9.80,11.60,1,-15%,2026-09-19
2026-09-16,54855-Z05,17.50,22.80,1,-23%,2026-09-19
2026-09-16,48753-Z03,6.10,7.20,1,-15%,2026-09-19
2026-09-16,136280-Z04,9.80,11.60,1,-15%,2026-09-19
2026-09-16,72669-ZPL,7.90,9.90,1,-20%,2026-09-19
2026-09-16,73940-ST,3.10,3.70,1,-16%,2026-09-19
2026-09-16,451053-ZSA,2.90,3.70,1,-21%,2026-09-19
2026-09-16,62664-Z06,8.90,10.50,1,-15%,2026-09-19
2026-09-16,137317-Z05,12.70,15.90,1,-20%,2026-09-19
2026-09-16,57224-Z03,10.30,13.90,1,-25%,2026-09-19
2026-09-16,38223-Z05,17.50,22.80,1,-23%,2026-09-19
2026-09-16,56901-Z02,5.50,6.20,1,-11%,2026-09-19
2026-09-16,27798-Z12,10.80,16.50,1,-34%,2026-09-19
2026-09-16,72641-Z10,18.90,31.00,1,-39%,2026-09-19
2026-09-16,27802-Z12,10.80,16.50,1,-34%,2026-09-19
2026-09-16,73430-ZSA,10.50,12.90,1,-18%,2026-09-19
2026-09-16,38222-Z05,17.50,22.80,1,-23%,2026-09-19
2026-09-16,59856-Z02,4.40,5.20,1,-15%,2026-09-19
2026-09-16,60437-Z02,9.20,10.90,1,-15%,2026-09-19
2026-09-16,72672-Z05,17.50,22.80,1,-23%,2026-09-19
2026-09-16,57651-Z02,8.40,9.90,1,-15%,2026-09-19
2026-09-16,162134-ZSA,20.40,22.80,1,-10%,2026-09-19
2026-09-16,72125-Z02,6.50,7.30,1,-10%,2026-09-19
2026-09-16,1100-Z03,9.60,11.30,1,-15%,2026-09-19
2026-09-16,45480-ST,3.10,3.70,1,-16%,2026-09-19
2026-09-16,3605-ZCO,9.90,12.90,1,-23%,2026-09-19
2026-09-16,72124-Z02,6.50,7.30,1,-10%,2026-09-19
2026-09-16,452803-ZBE,4.90,5.80,1,-15%,2026-09-19
2026-09-16,45479-ST,3.10,3.70,1,-16%,2026-09-19
2026-09-16,137044-ZBE,18.90,27.80,1,-32%,2026-09-19
2026-09-16,59632-Z02,6.70,7.90,1,-15%,2026-09-19
2026-09-16,62766-ZBE,8.70,10.90,1,-20%,2026-09-19
2026-09-16,81383-Z02,8.40,9.90,1,-15%,2026-09-19
2026-09-16,58688-ZBE,15.90,19.90,1,-20%,2026-09-19
2026-09-16,37817-Z03,12.50,15.90,1,-21%,2026-09-19
2026-09-16,58770-Z05,17.50,22.80,1,-23%,2026-09-19
2026-09-16,51598-Z03,6.90,8.20,1,-15%,2026-09-19
2026-09-16,454545-Z02,9.60,11.40,1,-15%,2026-09-19
2026-09-16,452687-Z02,4.70,5.60,1,-16%,2026-09-19
2026-09-16,137192-Z05,15.60,19.50,1,-20%,2026-09-19
2026-09-16,61586-Z05,12.70,15.90,1,-20%,2026-09-19
2026-09-16,137414-ZSA,35.80,44.80,1,-20%,2026-09-19
2026-09-16,448431-PAK,4.40,4.90,1,-10%,2026-09-19
2026-09-16,41401-Z03,8.40,9.90,1,-15%,2026-09-19
2026-09-16,80538-ZBE,9.90,12.90,1,-23%,2026-09-19
2026-09-16,60040-Z03,12.00,13.50,1,-11%,2026-09-19
2026-09-16,408261-ZBE,8.70,10.90,1,-20%,2026-09-19
2026-09-16,458750-Z02,6.90,9.40,1,-26%,2026-09-19
2026-09-16,58687-ZBE,23.80,29.80,1,-20%,2026-09-19
2026-09-16,455083-ZBE,9.90,12.90,1,-23%,2026-09-19
2026-09-16,83216-Z03,5.80,8.40,1,-30%,2026-09-19
2026-09-16,80536-Z05,17.50,22.80,1,-23%,2026-09-19
2026-09-16,45424-Z03,5.50,7.70,1,-28%,2026-09-19
2026-09-16,3845-ZPL,7.90,9.90,1,-20%,2026-09-19
2026-09-16,451627-Z04,12.20,15.50,1,-21%,2026-09-19
2026-09-16,455490-ZSA,6.70,7.90,1,-15%,2026-09-19
2026-09-16,82909-Z05,12.70,15.90,1,-20%,2026-09-19
2026-09-16,78054-Z03,12.50,15.90,1,-21%,2026-09-19
2026-09-16,56589-Z03,6.60,8.90,1,-25%,2026-09-19
2026-09-16,457490-ZBE,9.90,12.90,1,-23%,2026-09-19
2026-09-16,459959-PAK,5.50,6.20,1,-11%,2026-09-19
2026-09-16,81911-Z03,8.60,9.60,1,-10%,2026-09-19
2026-09-16,408273-Z05,8.70,10.90,1,-20%,2026-09-19
2026-09-16,57268-Z05,12.70,15.90,1,-20%,2026-09-19
2026-09-16,457532-ST,3.50,4.20,1,-16%,2026-09-19
2026-09-16,137191-Z05,15.60,19.50,1,-20%,2026-09-19
2026-09-16,452745-Z02,8.90,10.60,1,-16%,2026-09-19
2026-09-16,37124-ZBE,9.90,12.90,1,-23%,2026-09-19
2026-09-16,137417-ZSA,49.00,75.00,1,-34%,2026-09-19
2026-09-16,68485-ZSA,3.90,4.90,1,-20%,2026-09-19
2026-09-16,57273-Z05,12.70,15.90,1,-20%,2026-09-19
2026-09-16,21317-Z20,14.60,17.20,1,-15%,2026-09-19
2026-09-16,60043-Z03,12.00,13.50,1,-11%,2026-09-19
2026-09-16,60042-Z03,12.00,13.50,1,-11%,2026-09-19
2026-09-16,452744-Z02,8.90,10.60,1,-16%,2026-09-19
2026-09-16,137401-ZSA,53.00,77.00,1,-31%,2026-09-19
2026-09-16,457496-ZSA,2.90,3.70,1,-21%,2026-09-19
2026-09-16,3926-ZPL,7.90,9.90,1,-20%,2026-09-19
2026-09-16,75467-Z02,7.90,9.90,1,-20%,2026-09-19
2026-09-16,454844-Z03,8.20,9.20,1,-10%,2026-09-19
2026-09-16,450968-ZSA,7.10,8.90,1,-20%,2026-09-19
2026-09-16,38221-Z05,12.70,15.90,1,-20%,2026-09-19
2026-09-16,82776-ZBE,11.90,14.90,1,-20%,2026-09-19
2026-09-16,448805-Z03,8.90,9.90,1,-10%,2026-09-19
2026-09-16,75466-Z03,14.90,18.90,1,-21%,2026-09-19
2026-09-16,62764-ZBE,8.70,10.90,1,-20%,2026-09-19
2026-09-16,138263-Z03,6.50,7.30,1,-10%,2026-09-19
2026-09-16,453656-Z02,4.70,5.90,1,-20%,2026-09-19
2026-09-16,72174-Z03,12.00,13.50,1,-11%,2026-09-19
2026-09-16,449213-Z03,8.90,9.90,1,-10%,2026-09-19
2026-09-16,459499-Z03,9.90,12.50,1,-20%,2026-09-19
2026-09-16,45116-ZPL,7.60,9.50,1,-20%,2026-09-19
2026-09-16,448422-PAK,4.40,4.90,1,-10%,2026-09-19
2026-09-16,81384-Z03,6.90,8.30,1,-16%,2026-09-19
2026-09-16,81472-ZBE,15.70,17.50,1,-10%,2026-09-19
2026-09-16,60041-Z03,12.00,13.50,1,-11%,2026-09-19
2026-09-16,457531-ST,3.50,4.20,1,-16%,2026-09-19
2026-09-16,450967-ZSA,7.10,8.90,1,-20%,2026-09-19
2026-09-16,4806-ZPL,6.40,7.50,1,-14%,2026-09-19
2026-09-16,450886-ZSA,8.90,10.90,1,-18%,2026-09-19
2026-09-16,47969-Z05,17.50,22.80,1,-23%,2026-09-19
2026-09-16,453662-Z02,4.70,5.90,1,-20%,2026-09-19
2026-09-16,5526-ZSA,17.00,19.00,1,-10%,2026-09-19
2026-09-16,137152-Z05,15.60,19.50,1,-20%,2026-09-19
2026-09-16,49655-ZBE,9.90,12.90,1,-23%,2026-09-19
2026-09-16,37082-Z05,12.40,15.50,1,-20%,2026-09-19
2026-09-16,58446-ZSA,9.90,11.90,1,-16%,2026-09-19
2026-09-16,75468-Z02,7.90,9.90,1,-20%,2026-09-19
2026-09-16,3608-ZCO,9.90,12.90,1,-23%,2026-09-19
2026-09-16,80537-Z05,17.50,22.80,1,-23%,2026-09-19
2026-09-16,452394-ZSE,21.40,23.80,1,-10%,2026-09-19
2026-09-16,12632-ZBE,99.00,119.00,1,-16%,2026-09-19
2026-09-16,61070-Z20,14.60,17.20,1,-15%,2026-09-19
2026-09-16,18265-ZPL,6.70,7.90,1,-15%,2026-09-19
2026-09-16,458913-Z03,9.60,11.40,1,-15%,2026-09-19
2026-09-16,80902-ZPL,6.40,7.50,1,-14%,2026-09-19
2026-09-16,454754-Z18,19.80,24.80,1,-20%,2026-09-19
2026-09-16,82886-Z05,17.50,22.80,1,-23%,2026-09-19
2026-09-16,458501-Z03,8.60,9.60,1,-10%,2026-09-19
2026-09-16,5523-ZSA,29.00,32.60,1,-11%,2026-09-19
2026-09-16,15230-Z05,12.70,15.90,1,-20%,2026-09-19
2026-09-16,457411-ZMP,8.70,10.90,1,-20%,2026-09-19
2026-09-16,458489-ZSA,4.40,4.90,1,-10%,2026-09-19
2026-09-16,448416-Z02,4.80,5.40,1,-11%,2026-09-19
2026-09-16,65090-Z03,12.00,13.50,1,-11%,2026-09-19
2026-09-16,137193-Z05,15.60,19.50,1,-20%,2026-09-19
2026-09-16,32829-Z20,34.60,42.00,1,-17%,2026-09-19
2026-09-16,24670-ZSA,19.40,25.80,1,-24%,2026-09-19
2026-09-16,24821-Z24,23.60,27.80,1,-15%,2026-09-19
2026-09-16,60224-Z20,21.20,25.00,1,-15%,2026-09-19
2026-09-16,457206-Z03,7.90,8.90,1,-11%,2026-09-19
2026-09-16,455355-ZBE,9.90,12.90,1,-23%,2026-09-19
2026-09-16,137138-Z05,15.90,19.90,1,-20%,2026-09-19
2026-09-16,56155-ZBE,12.70,15.90,1,-20%,2026-09-19
2026-09-16,457637-Z02,6.50,7.30,1,-10%,2026-09-19
2026-09-16,75465-Z03,14.90,18.90,1,-21%,2026-09-19
2026-09-16,73664-ZBE,11.90,14.90,1,-20%,2026-09-19
2026-09-16,408302-ZBE,5.50,6.90,1,-20%,2026-09-19
2026-09-16,456316-Z05,17.50,22.80,1,-23%,2026-09-19
2026-09-16,77960-ZBE,9.90,12.90,1,-23%,2026-09-19
2026-09-16,80402-Z02,11.90,14.90,1,-20%,2026-09-19
2026-09-16,457492-Z05,17.50,22.80,1,-23%,2026-09-19
2026-09-16,459208-ZSA,2.90,3.70,1,-21%,2026-09-19
2026-09-16,408305-ZSA,8.40,10.50,1,-20%,2026-09-19
2026-09-16,58283-KAR,44.00,63.00,1,-30%,2026-09-19
2026-09-16,458992-PAK,2.40,2.90,1,-17%,2026-09-19
2026-09-16,47402-ZBE,21.00,24.80,1,-15%,2026-09-19
2026-09-16,458502-Z03,8.60,9.60,1,-10%,2026-09-19
2026-09-16,454779-Z03,9.40,10.50,1,-10%,2026-09-19
2026-09-16,44825-Z20,34.60,42.00,1,-17%,2026-09-19
2026-09-16,72173-Z20,34.60,42.00,1,-17%,2026-09-19
2026-09-16,459229-Z03,8.20,11.40,1,-28%,2026-09-19
2026-09-16,137053-ZBE,17.40,21.80,1,-20%,2026-09-19
2026-09-16,450066-Z05,9.90,14.50,1,-31%,2026-09-19
2026-09-16,460031-Z02,4.70,5.90,1,-20%,2026-09-19
2026-09-16,452305-PAK,6.30,7.50,1,-16%,2026-09-19
2026-09-16,460030-Z02,4.70,5.90,1,-20%,2026-09-19
2026-09-16,458991-PAK,2.40,2.90,1,-17%,2026-09-19
2026-09-16,459848-Z03,12.50,15.90,1,-21%,2026-09-19
2026-09-16,452801-Z24,39.00,53.00,1,-26%,2026-09-19
2026-09-16,137139-Z05,14.80,18.50,1,-20%,2026-09-19
2026-09-16,458488-Z20,14.60,17.20,1,-15%,2026-09-19
2026-09-16,458490-ZSA,4.40,4.90,1,-10%,2026-09-19
2026-09-16,72675-BAG,74.00,93.00,1,-20%,2026-09-19
2026-09-16,41647-ZBE,22.00,27.80,1,-20%,2026-09-19
2026-09-16,450441-Z03,9.60,11.40,1,-15%,2026-09-19
2026-09-16,138139-Z20,34.60,42.00,1,-17%,2026-09-19
2026-09-16,29536-Z20,34.60,42.00,1,-17%,2026-09-19
2026-09-16,44824-Z20,34.60,42.00,1,-17%,2026-09-19
2026-09-16,137633-Z60,24.60,30.80,1,-20%,2026-09-19
2026-09-16,455630-ZBE,15.60,17.40,1,-10%,2026-09-19
2026-09-16,457108-Z20,34.60,42.00,1,-17%,2026-09-19
2026-09-16,458491-ZSA,4.40,4.90,1,-10%,2026-09-19
2026-09-16,459316-ZSA,38.80,48.80,1,-20%,2026-09-19
2026-09-16,457140-ZBE,9.90,14.90,1,-33%,2026-09-19
2026-09-16,459392-Z05,9.90,14.50,1,-31%,2026-09-19
2026-09-16,458882-Z02,7.50,8.90,1,-15%,2026-09-19
2026-09-16,78377-Z35,37.00,43.80,1,-15%,2026-09-19
2026-09-16,459391-Z05,9.90,14.50,1,-31%,2026-09-19
2026-09-16,455354-BAG,74.00,93.00,1,-20%,2026-09-19
2026-09-16,460199-Z02,6.70,7.90,1,-15%,2026-09-19
2026-09-16,61539-Z20,34.60,42.00,1,-17%,2026-09-19
2026-09-16,459843-Z05,12.70,15.90,1,-20%,2026-09-19
2026-09-16,77056-Z20,34.60,42.00,1,-17%,2026-09-19
2026-09-16,459029-Z02,6.50,7.30,1,-10%,2026-09-19
2026-09-16,58274-ZBE,59.00,70.00,1,-15%,2026-09-19
2026-09-16,459315-ZSA,38.80,48.80,1,-20%,2026-09-19
2026-09-16,459871-Z12,10.80,16.50,1,-34%,2026-09-19
2026-09-16,38279-Z20,34.60,42.00,1,-17%,2026-09-19
2026-09-16,459685-Z02,5.30,5.90,1,-10%,2026-09-19
2026-09-16,408361-ZSA,51.00,75.00,1,-32%,2026-09-19
2026-09-16,77175-ZBE,27.00,31.80,1,-15%,2026-09-19
2026-09-16,459846-Z03,12.50,15.90,1,-21%,2026-09-19
2026-09-16,452398-KAR,48.00,57.00,1,-15%,2026-09-19
2026-09-16,459385-Z05,9.90,14.50,1,-31%,2026-09-19
2026-09-16,459684-Z02,5.30,5.90,1,-10%,2026-09-19
2026-09-16,449698-ZSA,56.00,70.00,1,-20%,2026-09-19
2026-09-16,62977-Z06,23.20,25.80,1,-10%,2026-09-19
2026-09-16,455631-ZBE,15.60,17.40,1,-10%,2026-09-19
2026-09-16,459686-Z02,5.30,5.90,1,-10%,2026-09-19
2026-09-16,458419-Z02,6.70,7.90,1,-15%,2026-09-19
2026-09-16,408301-Z40,44.80,56.00,1,-20%,2026-09-19
2026-09-16,137638-Z40,37.40,46.80,1,-20%,2026-09-19
2026-09-16,459314-ZSA,38.80,48.80,1,-20%,2026-09-19
2026-09-16,452120-Z20,38.80,45.80,1,-15%,2026-09-19
2026-09-16,78376-Z36,37.00,43.80,1,-15%,2026-09-19
2026-09-16,448696-Z18,19.80,24.80,1,-20%,2026-09-19
2026-09-16,459842-Z05,17.50,22.80,1,-23%,2026-09-19
2026-09-16,456261-PAK,5.80,6.50,1,-10%,2026-09-19
2026-09-16,458233-ZBE,19.30,22.80,1,-15%,2026-09-19
2026-09-16,459318-ZSA,38.80,48.80,1,-20%,2026-09-19
2026-09-16,459334-ZBE,19.90,23.80,1,-16%,2026-09-19
2026-09-16,460093-Z20,34.60,42.00,1,-17%,2026-09-19
2026-09-16,456263-PAK,5.80,6.50,1,-10%,2026-09-19
2026-09-16,459622-Z06,22.00,24.80,1,-11%,2026-09-19
2026-09-16,459623-Z06,22.00,24.80,1,-11%,2026-09-19
2026-09-16,460274-ZSA,4.90,5.50,1,-10%,2026-09-19
2026-09-16,460275-ZSA,4.90,5.50,1,-10%,2026-09-19
2026-09-18,251001-ST,2.85,3.70,1,-22%,
2026-09-18,26832-ST,2.50,3.50,1,-28%,
2026-09-18,26472-ST,2.90,3.50,1,-17%,
2026-09-18,18381-ST,4.20,5.10,1,-17%,
2026-09-18,57214-KG1,5.95,8.90,1,-33%,
2026-09-18,46372-KG,2.95,4.40,1,-32%,
2026-09-18,452463-ST,1.50,2.10,1,-28%,
2026-09-18,43052-KG,4.50,5.50,1,-18%,
2026-09-18,63325-BAG,9.20,11.20,1,-17%,
2026-09-18,2212-KG1,13.90,16.40,1,-15%,
2026-09-18,63319-BAG,9.20,11.70,1,-21%,
2026-09-18,63334-BAG,9.20,11.10,1,-17%,
2026-09-18,63322-BAG,9.20,11.10,1,-17%,
2026-09-18,250182-KG1,1.95,3.30,1,-40%,
2026-09-18,446441-ZSA,2.70,3.55,1,-23%,
2026-09-18,63331-BAG,9.20,11.70,1,-21%,
2026-09-18,5402-KG1,2.75,4.00,1,-31%,
2026-09-18,10586-ZSA,6.50,7.90,1,-17%,
2026-09-18,39029-KG,4.75,6.60,1,-28%,
2026-09-18,251064-KG,2.25,4.20,1,-46%,
2026-09-18,446438-ZSA,3.30,4.10,1,-19%,
2026-09-18,17874-KG1,2.95,4.40,1,-32%,
2026-09-18,421164-KG,1.95,3.30,1,-40%,
2026-09-18,31292-PAK,2.00,3.50,1,-42%,
2026-09-18,54017-ZSA,5.60,6.70,1,-16%,
2026-09-18,42521-KG1,4.50,5.50,1,-18%,
2026-09-18,31747-ST,2.50,3.90,1,-35%,
2026-09-18,266110-PAK,5.80,7.90,1,-26%,
2026-09-18,41881-BAG,12.90,15.60,1,-17%,
2026-09-18,250015-KG1,5.95,6.80,1,-12%,
2026-09-18,23652-KG,1.55,2.45,1,-36%,
2026-09-18,80371-ST,3.35,4.25,1,-21%,
2026-09-18,36455-ST,0.50,0.85,1,-41%,
2026-09-18,25909-ST,4.75,6.00,1,-20%,
2026-09-18,44322-PAK,4.60,6.30,1,-26%,
2026-09-18,266155-PAK,5.20,6.50,1,-20%,
2026-09-18,82469-ZSA,8.90,10.90,1,-18%,
2026-09-18,421669-PAK,7.90,10.60,1,-25%,
2026-09-18,57347-ZSA,9.60,11.80,1,-18%,
2026-09-18,591-KG1,3.95,5.10,1,-22%,
2026-09-18,75429-ZSA,15.20,19.80,1,-23%,
2026-09-18,2202-KG1,2.50,3.90,1,-35%,
2026-09-18,266143-PAK,6.20,8.40,1,-26%,
2026-09-18,82534-ZSA,13.20,17.40,1,-24%,
2026-09-18,82526-ZSA,13.60,17.20,1,-20%,
2026-09-18,82447-ZSA,28.20,36.60,1,-22%,
2026-09-18,456568-ZSA,3.95,5.10,1,-22%,
2026-09-18,75428-ZSA,11.80,14.60,1,-19%,
2026-09-18,82377-ZSA,19.60,23.40,1,-16%,
2026-09-18,251176-KG1,4.75,6.60,1,-28%,
2026-09-18,75251-PAK,19.90,25.60,1,-22%,
2026-09-18,251515-ZBI,13.30,16.80,1,-20%,
2026-09-18,251500-ZBI,21.60,30.20,1,-28%,
2026-09-18,459575-ZSA,22.70,27.60,1,-17%,
2026-09-18,454724-KG,4.90,6.10,1,-19%,
2026-09-18,31710-KG,18.40,22.60,1,-18%,
2026-09-18,200830-KG2,23.50,33.60,1,-30%,
2026-09-18,39095-PAK,24.50,32.80,1,-25%,
2026-09-18,200794-KG,14.30,21.80,1,-34%,
2026-09-18,39094-PAK,24.50,32.80,1,-25%,
2026-09-18,202335-KG,10.70,13.80,1,-22%,
2026-09-18,455168-Z06,15.90,21.00,1,-24%,
2026-09-18,50376-KG,10.50,13.50,1,-22%,
2026-09-18,15808-KG,19.40,24.20,1,-19%,
2026-09-18,42188-PAK,14.30,17.50,1,-18%,
2026-09-18,202370-KG,7.80,10.80,1,-27%,
2026-09-18,400023-KG,15.30,20.40,1,-25%,
2026-09-18,42187-PAK,17.90,22.80,1,-21%,
2026-09-18,200779-KG,16.40,22.20,1,-26%,
2026-09-18,37652-PAK,8.20,10.10,1,-18%,
2026-09-18,448142-KG,6.90,8.00,1,-13%,
2026-09-18,50226-KG,7.15,8.90,1,-19%,
2026-09-18,37653-PAK,9.20,13.00,1,-29%,
2026-09-18,78861-PAK,4.50,5.10,1,-11%,
2026-09-18,70604-KG,14.70,18.20,1,-19%,
2026-09-18,200725-KG,23.50,30.20,1,-22%,
2026-09-18,1775-KG,8.20,11.20,1,-26%,
2026-09-18,202373-KG,8.50,11.40,1,-25%,
2026-09-18,83964-ZBQ,9.80,11.60,1,-15%,
2026-09-18,455679-KG,12.70,15.20,1,-16%,
2026-09-18,76332-KG,20.50,24.80,1,-17%,
2026-09-18,37581-PAK,7.50,9.70,1,-22%,
2026-09-18,452029-KG,15.80,20.60,1,-23%,
2026-09-18,44153-KG,7.70,10.50,1,-26%,
2026-09-18,73296-KG,9.50,10.90,1,-12%,
2026-09-18,446491-KG,21.50,28.60,1,-24%,
2026-09-18,35291-KG,18.90,26.00,1,-27%,
2026-09-18,214910-KG,5.50,7.00,1,-21%,
2026-09-18,39003-KG,12.90,15.90,1,-18%,
2026-09-18,84207-Z04,7.50,9.20,1,-18%,
2026-09-18,11302-KG,10.00,15.30,1,-34%,
2026-09-18,51300-KG,25.50,29.80,1,-14%,
2026-09-18,39006-KG,11.20,14.50,1,-22%,
2026-09-18,84194-Z10,9.10,13.60,1,-33%,
2026-09-18,84209-Z10,15.90,20.60,1,-22%,
2026-09-18,4739-KG,30.70,36.20,1,-15%,
2026-09-18,81060-ST,4.70,6.20,1,-24%,
2026-09-18,84056-PAK,6.90,8.40,1,-17%,
2026-09-18,84221-Z10,5.80,8.30,1,-30%,
2026-09-18,5128-KG,13.90,17.30,1,-19%,
2026-09-18,84214-Z10,8.10,12.50,1,-35%,
2026-09-18,63664-ZSA,12.30,20.40,1,-39%,
2026-09-18,456042-KG,23.90,29.40,1,-18%,
2026-09-18,79045-ST,9.20,12.60,1,-26%,
2026-09-18,204900-KG,14.30,16.20,1,-11%,
2026-09-18,61038-ZBQ,3.95,4.95,1,-20%,
2026-09-18,15301-KG,22.50,31.80,1,-29%,
2026-09-18,60475-KG,8.20,11.60,1,-29%,
2026-09-18,40301-KG,14.90,17.80,1,-16%,
2026-09-18,400011-KG,9.20,13.20,1,-30%,
2026-09-18,419314-KG,19.40,24.80,1,-21%,
2026-09-18,24410-KG,24.50,28.40,1,-13%,
2026-09-18,400013-KG,8.90,12.60,1,-29%,
2026-09-18,69027-KG,12.30,15.20,1,-19%,
2026-09-18,400012-KG,8.90,12.40,1,-28%,
2026-09-18,51741-KG,20.20,26.60,1,-24%,
2026-09-18,64466-KG,16.40,20.80,1,-21%,
2026-09-18,51743-KG,22.50,29.00,1,-22%,
2026-09-18,84219-Z02,2.40,2.70,1,-11%,
2026-09-18,204637-KG,20.50,26.20,1,-21%,
2026-09-18,84195-Z05,6.20,8.10,1,-23%,
2026-09-18,202383-KG,11.90,19.40,1,-38%,
2026-09-18,448204-KG,22.90,28.00,1,-18%,
2026-09-18,204651-KG,15.80,20.40,1,-22%,
2026-09-18,57055-KG,24.60,34.80,1,-29%,
2026-09-18,59646-KG,24.20,28.80,1,-15%,
2026-09-18,64467-KG,15.30,20.00,1,-23%,
2026-09-18,84142-Z05,6.50,8.40,1,-22%,
2026-09-18,215305-KG,12.90,17.50,1,-26%,
2026-09-18,456037-KG,25.60,30.80,1,-16%,
2026-09-18,79470-PAK,8.70,10.80,1,-19%,
2026-09-18,80941-PAK,7.90,10.10,1,-21%,
2026-09-18,78568-KG,23.00,29.00,1,-20%,
2026-09-18,51302-KG,13.30,16.50,1,-19%,
2026-09-18,202340-KG,16.40,19.80,1,-17%,
2026-09-18,453719-KG,26.60,32.20,1,-17%,
2026-09-18,40299-KG,12.30,14.50,1,-15%,
2026-09-18,458473-ZBQ,3.90,5.10,1,-23%,
2026-09-18,201137-KG,55.30,67.50,1,-18%,
2026-09-18,201143-KG,32.80,44.60,1,-26%,
2026-09-18,81784-ST,6.60,7.70,1,-14%,
2026-09-18,79948-KG,15.30,19.70,1,-22%,
2026-09-18,68057-KG,13.30,18.10,1,-26%,
2026-09-18,419298-KG,36.90,45.00,1,-18%,
2026-09-18,453107-ZBQ,17.90,21.40,1,-16%,
2026-09-18,73847-ST,3.90,4.60,1,-15%,
2026-09-18,211705-KG,12.20,19.20,1,-36%,
2026-09-18,52298-PAK,6.10,7.20,1,-15%,
2026-09-18,991-KG,25.20,31.80,1,-20%,
2026-09-18,456044-KG,37.90,46.00,1,-17%,
2026-09-18,50491-KG,43.90,58.00,1,-24%,
2026-09-18,84217-Z05,6.00,6.70,1,-10%,
2026-09-18,49545-KG,54.30,65.00,1,-16%,
2026-09-18,48567-KG,18.40,23.20,1,-20%,
2026-09-18,84143-Z10,11.50,14.10,1,-18%,
2026-09-18,448203-KG,21.50,26.20,1,-17%,
2026-09-18,57942-KG,30.40,38.80,1,-21%,
2026-09-18,84206-Z10,6.20,8.60,1,-27%,
2026-09-18,64852-KG,13.30,15.90,1,-16%,
2026-09-18,45813-KG,12.90,16.80,1,-23%,
2026-09-18,12186-KG,12.90,16.80,1,-23%,
2026-09-18,449014-KG,16.90,19.60,1,-13%,
2026-09-18,456287-ZSA,9.20,11.70,1,-21%,
2026-09-18,48686-KG,8.50,10.60,1,-19%,
2026-09-18,447787-KG,14.30,16.80,1,-14%,
2026-09-18,79659-KG,11.90,14.60,1,-18%,
2026-09-18,419250-KG,30.70,40.40,1,-24%,
2026-09-18,458791-KG,8.20,10.90,1,-24%,
2026-09-18,59178-KG,12.60,14.70,1,-14%,
2026-09-18,203120-KG,27.60,31.60,1,-12%,
2026-09-18,454089-KG,14.30,16.80,1,-14%,
2026-09-18,36583-KG,15.30,17.30,1,-11%,
2026-09-18,45373-KG,38.90,50.00,1,-22%,
2026-09-18,68056-KG,11.90,16.80,1,-29%,
2026-09-18,260540-KG,23.50,32.20,1,-27%,
2026-09-18,183-KG,39.90,47.40,1,-15%,
2026-09-18,48566-KG,14.30,20.60,1,-30%,
2026-09-18,458247-PAK,12.50,16.40,1,-23%,
2026-09-18,45374-KG,28.50,38.60,1,-26%,
2026-09-18,78485-KG,12.90,14.40,1,-10%,
2026-09-18,460176-PAK,2.60,3.35,1,-22%,
2026-09-18,449699-KG,23.50,31.00,1,-24%,
2026-09-18,57352-KG,13.30,16.20,1,-17%,
2026-09-18,78486-KG,21.50,25.40,1,-15%,
2026-09-18,20992-KG,16.40,22.20,1,-26%,
2026-09-18,51374-KG,31.80,40.40,1,-21%,
2026-09-18,23264-KG,46.90,52.50,1,-10%,
2026-09-18,80773-KG,27.60,36.00,1,-23%,
2026-09-18,32011-ST,18.30,21.50,1,-14%,
2026-09-18,201140-KG,27.60,36.60,1,-24%,
2026-09-18,79549-ST,9.50,11.80,1,-19%,
2026-09-18,60134-KG,20.50,24.20,1,-15%,
2026-09-18,77470-ST,15.90,19.30,1,-17%,
2026-09-18,12557-KG,15.30,21.20,1,-27%,
2026-09-18,54950-KG,29.70,37.20,1,-20%,
2026-09-18,447614-KG,17.90,22.80,1,-21%,
2026-09-18,47356-KG,43.00,50.50,1,-14%,
2026-09-18,32012-ST,15.20,16.90,1,-10%,
2026-09-18,447869-KG,11.90,15.00,1,-20%,
2026-09-18,451838-KG,48.20,62.50,1,-22%,
2026-09-18,80940-KG,25.60,32.00,1,-20%,
2026-09-18,57507-PAK,35.50,45.20,1,-21%,
2026-09-18,456662-PAK,10.70,14.50,1,-26%,
2026-09-18,448569-KG,22.00,24.80,1,-11%,
2026-09-18,453145-KG,32.80,44.00,1,-25%,
2026-09-18,4987-KG,27.60,31.40,1,-12%,
2026-09-18,84316-Z02,34.20,42.40,1,-19%,
2026-09-18,29587-KG,8.20,10.40,1,-21%,
2026-09-18,78569-KG,17.90,20.40,1,-12%,
2026-09-18,456919-ST,14.30,18.20,1,-21%,
2026-09-18,81231-PAK,17.90,23.60,1,-24%,
2026-09-18,68895-PAK,40.00,49.80,1,-19%,
2026-09-18,212505-KG,12.80,17.00,1,-24%,
2026-09-18,448498-KG,53.30,61.50,1,-13%,
2026-09-18,70501-KG,16.10,19.40,1,-17%,
2026-09-18,48555-KG,11.80,14.00,1,-15%,
2026-09-18,200723-KG,22.50,27.40,1,-17%,
2026-09-18,453207-KG,47.90,57.50,1,-16%,
2026-09-18,40348-ZSA,40.50,47.80,1,-15%,
2026-09-18,52296-KG,10.50,12.50,1,-16%,
2026-09-18,77354-KG,16.90,21.40,1,-21%,
2026-09-18,44750-Z02,34.20,41.00,1,-16%,
2026-09-18,459522-KG,61.50,76.00,1,-19%,
2026-09-18,456134-KG,14.30,17.40,1,-17%,
2026-09-18,32013-ST,14.70,16.70,1,-11%,
2026-09-18,47625-KG,24.40,31.40,1,-22%,
2026-09-18,50375-KAR,26.50,36.60,1,-27%,
2026-09-18,50709-KG,16.90,20.20,1,-16%,
2026-09-18,458569-KG,23.90,27.00,1,-11%,
2026-09-18,458753-KG,15.90,19.70,1,-19%,
2026-09-18,81741-KG,9.70,13.90,1,-30%,
2026-09-18,454435-KG,23.50,27.00,1,-12%,
2026-09-18,58491-KG,22.50,27.20,1,-17%,
2026-09-18,459263-ZSA,32.20,37.60,1,-14%,
2026-09-18,82699-KG,32.20,39.60,1,-18%,
2026-09-18,201113-KG,37.90,44.20,1,-14%,
2026-09-18,52295-KG,9.90,11.50,1,-13%,
2026-09-18,458943-KG,23.50,28.40,1,-17%,
2026-09-18,48554-KG,10.70,12.80,1,-16%,
2026-09-18,73829-ST,138.00,156.00,1,-11%,
2026-09-18,32083-ST,128.00,146.00,1,-12%,
2026-09-18,32082-ST,164.00,193.00,1,-15%,
2026-09-18,73830-ST,117.00,130.00,1,-10%,
2026-09-18,79071-KG,32.80,39.80,1,-17%,
2026-09-18,32084-ST,123.00,145.00,1,-15%,
2026-09-18,52020-KG,23.50,43.40,1,-45%,
2026-09-18,59617-ZSA,11.70,14.70,1,-20%,
2026-09-18,47037-KG,38.90,60.00,1,-35%,
2026-09-18,6566-KG,7.90,14.80,1,-46%,
2026-09-18,420072-ZSA,7.90,9.90,1,-20%,
2026-09-18,453381-ZSA,8.90,10.70,1,-16%,
2026-09-18,5149-KG,23.50,41.60,1,-43%,
2026-09-18,59219-ZSA,7.10,9.90,1,-28%,
2026-09-18,66664-ZSA,9.50,11.90,1,-20%,
2026-09-18,64474-ZSA,10.90,13.80,1,-21%,
2026-09-18,43561-ZSA,9.50,12.50,1,-24%,
2026-09-18,420086-ZSA,11.20,14.00,1,-20%,
2026-09-18,448941-ZSA,8.20,10.30,1,-20%,
2026-09-18,26687-ST,2.50,2.95,1,-15%,
2026-09-18,445858-ZSA,5.80,7.60,1,-23%,
2026-09-18,59620-ZSA,16.20,21.00,1,-22%,
2026-09-18,52736-ZBQ,8.90,13.90,1,-35%,
2026-09-18,5101-KG,16.40,24.60,1,-33%,
2026-09-18,5170-KG,19.90,40.00,1,-50%,
2026-09-18,447324-ZSA,8.20,10.60,1,-22%,
2026-09-18,458435-ST,2.90,3.30,1,-12%,
2026-09-18,76076-ZSA,15.60,20.20,1,-22%,
2026-09-18,34634-KG,22.50,38.00,1,-40%,
2026-09-18,65795-PAK,16.90,23.40,1,-27%,
2026-09-18,68936-KG,40.90,62.00,1,-34%,
2026-09-18,11665-PAK,10.20,11.80,1,-13%,
2026-09-18,263659-ZSA,12.80,16.60,1,-22%,
2026-09-18,448287-ZSA,15.30,19.10,1,-19%,
2026-09-18,75913-ZSA,7.00,9.20,1,-23%,
2026-09-18,48248-PAK,13.90,17.70,1,-21%,
2026-09-18,458436-ST,8.50,9.80,1,-13%,
2026-09-18,456974-PAK,8.70,13.50,1,-35%,
2026-09-18,449560-ZSA,7.50,8.60,1,-12%,
2026-09-18,65796-PAK,16.40,21.80,1,-24%,
2026-09-18,30200-KG,51.00,64.00,1,-20%,
2026-09-18,458189-ZSA,12.20,15.20,1,-19%,
2026-09-18,454213-PAK,15.70,17.90,1,-12%,
2026-09-18,454614-ZSA,16.90,20.40,1,-17%,
2026-09-18,458782-ZSA,20.50,26.40,1,-22%,
2026-09-18,454442-ZSA,16.00,21.20,1,-24%,
2026-09-18,65794-PAK,24.50,32.80,1,-25%,
2026-09-18,38597-KG,24.60,40.00,1,-38%,
2026-09-18,5120-KG,16.90,28.80,1,-41%,
2026-09-18,75195-ZSA,6.50,8.80,1,-26%,
2026-09-18,27368-PAK,16.90,20.00,1,-15%,
2026-09-18,50274-KG,15.90,29.60,1,-46%,
2026-09-18,447979-ZSA,17.40,21.20,1,-17%,
2026-09-18,459788-ST,11.90,14.50,1,-17%,
2026-09-18,452046-ZSA,17.70,20.80,1,-14%,
2026-09-18,10112-KG,18.40,24.40,1,-24%,
2026-09-18,420060-ZSA,15.80,20.00,1,-21%,
2026-09-18,458437-ST,13.80,18.00,1,-23%,
2026-09-18,48247-ZBE,22.50,29.40,1,-23%,
2026-09-18,22258-KG,13.90,24.60,1,-43%,
2026-09-18,31491-KG1,6.50,10.30,1,-36%,
2026-09-18,453884-Z24,22.50,32.20,1,-30%,
2026-09-18,453886-Z24,18.30,27.00,1,-32%,
2026-09-18,19851-KG,11.90,20.80,1,-42%,
2026-09-18,459680-KG,15.30,17.40,1,-12%,
2026-09-18,45062-ST,22.20,30.40,1,-26%,
2026-09-18,447480-ST,15.90,18.00,1,-11%,
2026-09-18,460577-ZSA,6.90,8.50,1,-18%,
2026-09-18,456975-PAK,13.90,18.20,1,-23%,
2026-09-18,451372-KG,16.90,34.40,1,-50%,
2026-09-18,459968-ZSA,19.40,26.80,1,-27%,
2026-09-18,458369-PAK,6.70,9.70,1,-30%,
2026-09-18,460579-ZSA,8.20,9.90,1,-17%,
2026-09-18,457825-ZBQ,25.50,33.60,1,-24%,
2026-09-18,80646-ST,1.35,1.45,1,-6%,
2026-09-18,40661-ST,2.65,3.05,1,-13%,
2026-09-18,80647-ST,1.35,1.45,1,-6%,
2026-09-18,67188-ST,7.70,9.50,1,-18%,
2026-09-18,77174-L,5.65,6.70,1,-15%,
2026-09-18,49684-ZSA,7.50,8.20,1,-8%,
2026-09-18,233105-Z10,4.70,5.70,1,-17%,
2026-09-18,57675-ST,1.55,2.00,1,-22%,
2026-09-18,2082-ST,3.00,3.75,1,-20%,
2026-09-18,38510-ST,3.40,4.80,1,-29%,
2026-09-18,55264-ST,3.20,4.25,1,-24%,
2026-09-18,75288-ST,7.60,10.40,1,-26%,
2026-09-18,417041-ST,1.20,1.50,1,-20%,
2026-09-18,70313-ST,7.90,10.60,1,-25%,
2026-09-18,35463-KG,19.00,23.20,1,-18%,
2026-09-18,80970-Z02,1.50,2.00,1,-25%,
2026-09-18,66341-PAK,7.80,10.20,1,-23%,
2026-09-18,76244-ST,4.90,6.90,1,-28%,
2026-09-18,12766-ST,12.30,16.60,1,-25%,
2026-09-18,51038-BOT,1.60,1.80,1,-11%,
2026-09-18,445747-ST,3.95,4.70,1,-15%,
2026-09-18,455801-ST,3.30,3.95,1,-16%,
2026-09-18,36507-ST,1.40,1.90,1,-26%,
2026-09-18,51218-ST,12.90,13.90,1,-7%,
2026-09-18,48606-KG,22.90,27.00,1,-15%,
2026-09-18,40190-KG,15.50,20.80,1,-25%,
2026-09-18,62905-BOT,1.60,1.80,1,-11%,
2026-09-18,67187-ST,1.70,2.00,1,-15%,
2026-09-18,80373-ST,4.50,5.80,1,-22%,
2026-09-18,69063-ST,7.50,11.00,1,-31%,
2026-09-18,455594-KG,21.00,29.20,1,-28%,
2026-09-18,55223-ST,3.45,3.95,1,-12%,
2026-09-18,49683-ZSA,14.30,16.30,1,-12%,
2026-09-18,69061-ST,7.50,11.00,1,-31%,
2026-09-18,37069-PAK,7.00,9.10,1,-23%,
2026-09-18,453034-ST,7.50,11.00,1,-31%,
2026-09-18,446211-ST,8.50,10.90,1,-22%,
2026-09-18,444782-ST,1.60,1.80,1,-11%,
2026-09-18,69064-ST,7.50,11.00,1,-31%,
2026-09-18,449148-ST,6.10,7.60,1,-19%,
2026-09-18,41640-ST,3.15,4.35,1,-27%,
2026-09-18,31014-PAK,4.10,5.60,1,-26%,
2026-09-18,41629-ST,4.00,5.70,1,-29%,
2026-09-18,231790-ST,3.25,4.00,1,-18%,
2026-09-18,40662-ST,10.80,14.40,1,-25%,
2026-09-18,45436-ST,1.75,2.85,1,-38%,
2026-09-18,77568-Z02,1.55,2.20,1,-29%,
2026-09-18,455666-ST,5.70,7.10,1,-19%,
2026-09-18,62985-ZSA,9.20,12.60,1,-26%,
2026-09-18,74458-BOT,1.60,1.95,1,-17%,
2026-09-18,77574-Z02,1.55,2.20,1,-29%,
2026-09-18,235371-ZBI,5.40,6.90,1,-21%,
2026-09-18,71460-ST,3.50,4.80,1,-27%,
2026-09-18,82457-PAK,5.00,6.40,1,-21%,
2026-09-18,75926-ST,3.60,4.55,1,-20%,
2026-09-18,445285-ST,1.55,2.60,1,-40%,
2026-09-18,63543-ST,4.50,6.40,1,-29%,
2026-09-18,14471-ZBA,4.30,5.80,1,-25%,
2026-09-18,8366-KG,14.00,18.00,1,-22%,
2026-09-18,456133-ST,2.30,2.90,1,-20%,
2026-09-18,70593-ZFL,6.90,8.90,1,-22%,
2026-09-18,51434-ZSA,1.65,2.15,1,-23%,
2026-09-18,83716-ST,4.85,6.20,1,-21%,
2026-09-18,70177-ST,5.90,7.60,1,-22%,
2026-09-18,447272-ST,13.40,16.30,1,-17%,
2026-09-18,417104-ST,0.75,1.10,1,-31%,
2026-09-18,458706-ST,1.45,1.85,1,-21%,
2026-09-18,75925-ST,3.60,4.55,1,-20%,
2026-09-18,77565-Z02,1.40,2.00,1,-30%,
2026-09-18,36729-ST,3.25,4.00,1,-18%,
2026-09-18,42138-ZSA,1.90,2.40,1,-20%,
2026-09-18,83715-ST,5.00,6.60,1,-24%,
2026-09-18,61943-PAK,15.50,20.40,1,-24%,
2026-09-18,3016-ST,4.50,5.60,1,-19%,
2026-09-18,21652-ST,3.95,5.80,1,-31%,
2026-09-18,417069-Z02,1.55,2.20,1,-29%,
2026-09-18,77571-Z02,1.55,2.20,1,-29%,
2026-09-18,80910-KG,19.40,24.80,1,-21%,
2026-09-18,47664-KG,10.70,16.00,1,-33%,
2026-09-18,63031-ST,5.40,7.40,1,-27%,
2026-09-18,70591-ZFL,6.90,8.20,1,-15%,
2026-09-18,57672-KG,11.10,14.10,1,-21%,
2026-09-18,457500-Z08,10.90,13.90,1,-21%,
2026-09-18,73262-ST,7.70,11.40,1,-32%,
2026-09-18,29852-KG,25.00,31.40,1,-20%,
2026-09-18,45400-KG,20.40,26.60,1,-23%,
2026-09-18,231795-Z05,8.20,10.10,1,-18%,
2026-09-18,84689-ST,3.60,4.55,1,-20%,
2026-09-18,45437-ST,1.75,2.85,1,-38%,
2026-09-18,70143-Z02,1.55,2.20,1,-29%,
2026-09-18,70144-Z02,1.55,2.20,1,-29%,
2026-09-18,63032-ST,11.60,16.80,1,-30%,
2026-09-18,72129-ST,8.00,10.40,1,-23%,
2026-09-18,50466-PAK,11.90,15.00,1,-20%,
2026-09-18,71174-PAK,4.20,5.90,1,-28%,
2026-09-18,416887-ST,4.60,5.40,1,-14%,
2026-09-18,453277-ST,5.40,7.40,1,-27%,
2026-09-18,446433-Z02,1.75,2.45,1,-28%,
2026-09-18,458451-Z02,1.75,2.45,1,-28%,
2026-09-18,77573-Z02,1.55,2.20,1,-29%,
2026-09-18,21647-ST,3.95,5.90,1,-33%,
2026-09-18,44631-ST,15.70,21.80,1,-27%,
2026-09-18,417068-Z02,1.55,2.20,1,-29%,
2026-09-18,76874-PAK,5.50,7.30,1,-24%,
2026-09-18,63029-ST,5.40,7.40,1,-27%,
2026-09-18,80644-ST,8.20,11.00,1,-25%,
2026-09-18,455917-ST,11.90,14.90,1,-20%,
2026-09-18,24709-ST,3.95,5.80,1,-31%,
2026-09-18,70592-ZFL,6.90,8.70,1,-20%,
2026-09-18,41730-PAK,4.40,5.60,1,-21%,
2026-09-18,37650-ST,4.55,6.40,1,-28%,
2026-09-18,21649-ST,3.95,5.80,1,-31%,
2026-09-18,47475-ST,10.70,13.50,1,-20%,
2026-09-18,37649-ST,3.95,6.10,1,-35%,
2026-09-18,70315-ST,16.20,21.20,1,-23%,
2026-09-18,54390-PAK,7.10,10.10,1,-29%,
2026-09-18,27854-PAK,7.30,8.90,1,-17%,
2026-09-18,12767-ST,10.80,13.70,1,-21%,
2026-09-18,81358-ST,6.00,7.50,1,-20%,
2026-09-18,458443-Z02,1.75,2.45,1,-28%,
2026-09-18,458449-Z02,1.75,2.45,1,-28%,
2026-09-18,21650-ST,3.95,5.80,1,-31%,
2026-09-18,21651-ST,3.95,5.80,1,-31%,
2026-09-18,51631-ST,3.80,5.70,1,-33%,
2026-09-18,63663-PAK,4.40,5.90,1,-25%,
2026-09-18,37112-ST,6.35,7.50,1,-15%,
2026-09-18,446981-ST,19.40,24.60,1,-21%,
2026-09-18,449349-ST,12.80,16.50,1,-22%,
2026-09-18,75123-ST,4.90,6.20,1,-20%,
2026-09-18,444724-ST,6.90,10.10,1,-31%,
2026-09-18,416843-ST,3.30,4.20,1,-21%,
2026-09-18,12765-ST,16.90,21.00,1,-19%,
2026-09-18,70784-ST,12.20,14.70,1,-17%,
2026-09-18,451702-ST,5.90,7.40,1,-20%,
2026-09-18,65809-ST,5.50,6.70,1,-17%,
2026-09-18,80023-ST,11.90,14.50,1,-17%,
2026-09-18,458170-KG,12.60,15.20,1,-17%,
2026-09-18,452704-ST,4.60,5.60,1,-17%,
2026-09-18,77836-KG,12.10,16.20,1,-25%,
2026-09-18,54354-ST,3.95,5.90,1,-33%,
2026-09-18,455547-PAK,3.40,4.80,1,-29%,
2026-09-18,217630-ZFL,9.90,13.40,1,-26%,
2026-09-18,82442-KG,29.40,37.60,1,-21%,
2026-09-18,233106-Z30,13.90,16.80,1,-17%,
2026-09-18,58086-ST,18.30,19.70,1,-7%,
2026-09-18,451032-ZFL,7.50,9.60,1,-21%,
2026-09-18,457728-ST,4.40,5.60,1,-21%,
2026-09-18,417105-ST,1.55,2.10,1,-26%,
2026-09-18,66311-ZFL,8.90,11.20,1,-20%,
2026-09-18,81972-KG,20.10,25.20,1,-20%,
2026-09-18,45881-KG,15.30,19.60,1,-21%,
2026-09-18,451701-KG,20.90,25.20,1,-17%,
2026-09-18,12764-ST,9.70,11.70,1,-17%,
2026-09-18,457267-Z14,19.90,23.60,1,-15%,
2026-09-18,75563-Z06,11.80,17.10,1,-30%,
2026-09-18,43370-ZBI,12.00,14.90,1,-19%,
2026-09-18,84247-KG,27.40,34.20,1,-19%,
2026-09-18,79702-Z50,48.40,60.50,1,-20%,
2026-09-18,230545-KG,16.90,21.40,1,-21%,
2026-09-18,217620-ZFL,9.60,11.00,1,-12%,
2026-09-18,55345-ST,4.60,5.70,1,-19%,
2026-09-18,43004-KG,25.20,31.80,1,-20%,
2026-09-18,46314-KG,16.50,22.40,1,-26%,
2026-09-18,12773-ST,16.90,19.80,1,-14%,
2026-09-18,455837-ST,4.65,5.70,1,-18%,
2026-09-18,449861-ST,5.80,7.40,1,-21%,
2026-09-18,67154-KG,23.50,31.20,1,-24%,
2026-09-18,75564-Z06,11.80,17.10,1,-30%,
2026-09-18,452500-ST,17.90,22.20,1,-19%,
2026-09-18,56620-KG,10.60,15.30,1,-30%,
2026-09-18,43003-KG,25.20,31.80,1,-20%,
2026-09-18,60694-ST,12.20,14.60,1,-16%,
2026-09-18,72710-KG,18.90,25.60,1,-26%,
2026-09-18,68788-ST,32.30,41.80,1,-22%,
2026-09-18,451934-ST,17.30,21.80,1,-20%,
2026-09-18,78556-Z06,11.80,17.10,1,-30%,
2026-09-18,63598-KG,13.00,19.00,1,-31%,
2026-09-18,458468-PAK,3.40,4.80,1,-29%,
2026-09-18,459137-ST,3.95,4.90,1,-19%,
2026-09-18,457726-ST,4.70,5.70,1,-17%,
2026-09-18,451932-ST,16.80,21.00,1,-20%,
2026-09-18,454985-Z06,11.80,17.10,1,-30%,
2026-09-18,60693-ST,9.70,12.00,1,-19%,
2026-09-18,64211-KG,10.00,16.10,1,-37%,
2026-09-18,459807-ZSA,11.80,13.50,1,-12%,
2026-09-18,458968-ST,12.30,15.90,1,-22%,
2026-09-18,457389-PAK,4.95,6.20,1,-20%,
2026-09-18,451931-ST,17.30,21.80,1,-20%,
2026-09-18,457176-PAK,10.50,15.60,1,-32%,
2026-09-18,417213-ZSA,15.50,19.40,1,-20%,
2026-09-18,458392-KG,10.90,14.20,1,-23%,
2026-09-18,70076-ST,31.90,40.00,1,-20%,
2026-09-18,458494-ZSA,8.90,12.50,1,-28%,
2026-09-18,451933-ST,17.90,22.80,1,-21%,
2026-09-18,49245-ST,16.90,21.20,1,-20%,
2026-09-18,12768-ST,10.40,13.00,1,-20%,
2026-09-18,456198-ST,19.40,29.00,1,-33%,
2026-09-18,449047-ST,8.70,10.60,1,-17%,
2026-09-18,444317-KG,10.20,13.70,1,-25%,
2026-09-18,47663-KG,10.60,15.30,1,-30%,
2026-09-18,49014-KG,21.00,27.80,1,-24%,
2026-09-18,458323-Z06,11.80,17.10,1,-30%,
2026-09-18,416781-KG,16.20,20.40,1,-20%,
2026-09-18,60505-KG,19.70,23.40,1,-15%,
2026-09-18,45880-KG,14.80,18.90,1,-21%,
2026-09-18,83257-ST,13.30,17.90,1,-25%,
2026-09-18,79015-ST,12.20,14.90,1,-18%,
2026-09-18,55418-ST,11.50,14.60,1,-21%,
2026-09-18,455261-ST,45.20,57.00,1,-20%,
2026-09-18,74121-Z08,19.00,23.80,1,-20%,
2026-09-18,31952-PAK,11.50,14.40,1,-20%,
2026-09-18,457664-ST,12.90,15.80,1,-18%,
2026-09-18,26134-ST,12.80,16.20,1,-20%,
2026-09-18,81866-ST,13.90,20.40,1,-31%,
2026-09-18,55411-ST,9.40,11.30,1,-16%,
2026-09-18,456132-ST,9.80,12.80,1,-23%,
2026-09-18,50324-PAK,11.50,14.10,1,-18%,
2026-09-18,458537-ST,14.30,18.80,1,-23%,
2026-09-18,460020-ST,3.90,5.40,1,-27%,
2026-09-18,217625-ZFL,9.80,11.20,1,-12%,
2026-09-18,456473-ZSA,11.20,14.20,1,-21%,
2026-09-18,417223-ZSA,18.40,21.40,1,-14%,
2026-09-18,459953-ST,4.40,5.60,1,-21%,
2026-09-18,69037-ST,25.30,30.60,1,-17%,
2026-09-18,446187-KG,33.80,41.20,1,-17%,
2026-09-18,456604-ST,21.70,30.80,1,-29%,
2026-09-18,459952-ST,4.40,5.60,1,-21%,
2026-09-18,45879-KG,14.60,17.70,1,-17%,
2026-09-18,458838-ZSA,21.75,29.00,1,-25%,
2026-09-18,457797-Z24,17.90,22.80,1,-21%,
2026-09-18,449824-ZSA,24.90,35.40,1,-29%,
2026-09-18,460664-ST,13.50,15.90,1,-15%,
2026-09-18,460444-Z10,22.20,27.80,1,-20%,
2026-09-18,460718-ST,9.10,11.40,1,-20%,
2026-09-18,456389-KG,25.00,32.20,1,-22%,
2026-09-18,460445-Z10,22.20,27.80,1,-20%,
2026-09-18,460667-KG,32.50,38.00,1,-14%,
2026-09-18,459820-Z60,49.00,64.00,1,-23%,
2026-09-18,460621-KG,24.60,31.40,1,-21%,
2026-09-18,12276-ST,2.30,3.20,1,-28%,
2026-09-18,78506-PAK,2.50,3.70,1,-32%,
2026-09-18,82505-PAK,2.00,2.40,1,-16%,
2026-09-18,78505-PAK,2.50,3.70,1,-32%,
2026-09-18,65835-PAK,5.30,6.90,1,-23%,
2026-09-18,65834-PAK,3.40,6.90,1,-50%,
2026-09-18,79132-PAK,2.80,3.40,1,-17%,
2026-09-18,58587-PAK,3.20,3.60,1,-11%,
2026-09-18,451653-PAK,3.90,4.40,1,-11%,
2026-09-18,162146-ZSA,13.30,16.50,1,-19%,
2026-09-18,5353-ZCO,13.90,17.90,1,-22%,
2026-09-18,457703-PAK,3.30,4.40,1,-25%,
2026-09-18,81777-PAK,2.80,3.40,1,-17%,
2026-09-18,41446-ZBO,4.40,4.90,1,-10%,
2026-09-18,3353-ZSA,16.40,20.80,1,-21%,
2026-09-18,408132-PAK,3.40,3.80,1,-10%,
2026-09-18,451332-Z10,3.95,4.90,1,-19%,
2026-09-18,457704-PAK,2.90,3.50,1,-17%,
2026-09-18,450735-PAK,5.50,6.50,1,-15%,
2026-09-18,37418-ST,4.10,4.90,1,-16%,
2026-09-18,61425-PAK,5.90,6.90,1,-14%,
2026-09-18,37417-ST,4.10,4.90,1,-16%,
2026-09-18,66798-ZSA,5.80,6.90,1,-15%,
2026-09-18,72363-ZFL,5.20,6.50,1,-20%,
2026-09-18,26959-ZSA,7.10,7.90,1,-10%,
2026-09-18,162144-ZSA,10.20,11.40,1,-10%,
2026-09-18,33715-PAK,15.90,17.90,1,-11%,
2026-09-18,56904-PAK,4.70,5.30,1,-11%,
2026-09-18,59825-PAK,5.10,5.70,1,-10%,
2026-09-18,162148-ZSA,19.90,22.80,1,-12%,
2026-09-18,457210-PAK,4.60,5.20,1,-11%,
2026-09-18,45970-ZSA,13.90,18.40,1,-24%,
2026-09-18,83204-PAK,11.80,13.90,1,-15%,
2026-09-18,408035-ZBO,4.20,4.70,1,-10%,
2026-09-18,454847-PAK,6.20,6.90,1,-10%,
2026-09-18,7473-PAK,5.00,5.90,1,-15%,
2026-09-18,457208-PAK,3.50,3.90,1,-10%,
2026-09-18,66978-ZSA,5.50,6.50,1,-15%,
2026-09-18,457209-PAK,6.20,6.90,1,-10%,
2026-09-18,412250-Z03,5.90,6.90,1,-14%,
2026-09-18,162136-ZSA,17.90,19.90,1,-10%,
2026-09-18,22752-ZSA,6.20,6.90,1,-10%,
2026-09-18,48697-ZBO,4.40,4.90,1,-10%,
2026-09-18,41609-ZSA,10.30,11.50,1,-10%,
2026-09-18,452420-ZBO,6.20,6.90,1,-10%,
2026-09-18,69242-ZBO,4.40,4.90,1,-10%,
2026-09-18,77397-PAK,4.30,4.80,1,-10%,
2026-09-18,82261-PAK,4.30,4.80,1,-10%,
2026-09-18,36633-PAK,5.40,6.40,1,-15%,
2026-09-18,72127-ST,8.90,9.90,1,-10%,
2026-09-18,454848-Z04,9.10,10.20,1,-10%,
2026-09-18,18571-ZSA,15.90,17.90,1,-11%,
2026-09-18,450736-PAK,5.50,6.50,1,-15%,
2026-09-18,67418-ZSE,15.90,19.90,1,-20%,
2026-09-18,162105-Z03,10.70,11.90,1,-10%,
2026-09-18,445978-ZSA,13.20,15.50,1,-14%,
2026-09-18,61535-ST,6.20,6.90,1,-10%,
2026-09-18,445217-PAK,2.60,3.10,1,-16%,
2026-09-18,42190-PAK,5.00,5.90,1,-15%,
2026-09-18,61536-ST,13.40,14.90,1,-10%,
2026-09-18,162142-ZSA,10.90,12.30,1,-11%,
2026-09-18,445976-ZSA,13.90,17.90,1,-22%,
2026-09-18,48633-ZSA,8.40,9.90,1,-15%,
2026-09-18,73142-PAK,4.10,4.90,1,-16%,
2026-09-18,63357-PAK,6.20,7.30,1,-15%,
2026-09-18,42568-ZBO,6.30,7.90,1,-20%,
2026-09-18,49695-ZSA,15.90,19.90,1,-20%,
2026-09-18,455199-Z04,9.10,10.20,1,-10%,
2026-09-18,2810-Z25,10.10,13.80,1,-26%,
2026-09-18,142408-ZSA,15.20,17.90,1,-15%,
2026-09-18,162115-ZSA,9.80,10.90,1,-10%,
2026-09-18,30604-PAK,7.50,8.90,1,-15%,
2026-09-18,48696-ZBO,4.40,4.90,1,-10%,
2026-09-18,162126-ZSA,14.80,16.50,1,-10%,
2026-09-18,73141-PAK,4.10,4.90,1,-16%,
2026-09-18,42566-ZBO,5.30,6.70,1,-20%,
2026-09-18,72135-ST,3.20,3.60,1,-11%,
2026-09-18,162106-Z03,7.50,8.40,1,-10%,
2026-09-18,76298-PAK,4.10,4.90,1,-16%,
2026-09-18,42564-ZBO,4.60,5.80,1,-20%,
2026-09-18,453847-ZTU,3.70,4.20,1,-11%,
2026-09-18,455641-PAK,3.00,3.40,1,-11%,
2026-09-18,49438-PAK,5.70,6.70,1,-14%,
2026-09-18,81041-ZSA,6.20,6.90,1,-10%,
2026-09-18,162120-Z03,15.70,17.50,1,-10%,
2026-09-18,455642-PAK,2.90,3.30,1,-12%,
2026-09-18,454778-ZSA,9.80,10.90,1,-10%,
2026-09-18,79295-PAK,2.60,3.10,1,-16%,
2026-09-18,452686-ZSA,6.10,7.90,1,-22%,
2026-09-18,453973-ZBE,5.90,6.60,1,-10%,
2026-09-18,27296-ZBO,12.30,13.70,1,-10%,
2026-09-18,142407-PAK,6.10,7.20,1,-15%,
2026-09-18,162145-ZSA,27.60,30.80,1,-10%,
2026-09-18,162900-ZSA,11.20,12.50,1,-10%,
2026-09-18,162137-ZSA,18.70,20.80,1,-10%,
2026-09-18,3352-ZSA,56.00,67.00,1,-16%,
2026-09-18,162149-Z03,7.90,8.90,1,-11%,
2026-09-18,162113-Z03,7.90,8.80,1,-10%,
2026-09-18,30602-PAK,7.50,8.90,1,-15%,
2026-09-18,162127-ZSA,16.90,18.90,1,-10%,
2026-09-18,49694-ZSA,49.00,59.00,1,-16%,
2026-09-18,452191-ZSE,23.80,27.80,1,-14%,
2026-09-18,72132-ST,3.20,3.60,1,-11%,
2026-09-18,30605-PAK,13.50,15.90,1,-15%,
2026-09-18,445979-ZSA,14.80,17.50,1,-15%,
2026-09-18,162124-ZSA,24.80,27.80,1,-10%,
2026-09-18,449059-PAK,17.80,21.00,1,-15%,
2026-09-18,448139-ST,5.80,7.30,1,-20%,
2026-09-18,457686-ZSA,4.60,5.50,1,-16%,
2026-09-18,162150-Z03,6.20,6.90,1,-10%,
2026-09-18,459949-PAK,4.00,4.90,1,-18%,
2026-09-18,459948-PAK,4.90,5.90,1,-16%,
2026-09-18,42567-ZBO,5.90,7.50,1,-21%,
2026-09-18,459024-ZBO,6.20,6.90,1,-10%,
2026-09-18,455636-PAK,4.40,4.90,1,-10%,
2026-09-18,72136-ST,4.40,4.90,1,-10%,
2026-09-18,5354-ZCO,21.80,24.80,1,-12%,
2026-09-18,49252-ZSA,15.20,17.90,1,-15%,
2026-09-18,162094-Z03,10.70,11.90,1,-10%,
2026-09-18,162141-ZSA,13.40,14.90,1,-10%,
2026-09-18,457891-PAK,25.00,29.80,1,-16%,
2026-09-18,417339-100,18.90,25.80,1,-26%,
2026-09-18,57715-Z05,11.60,12.90,1,-10%,
2026-09-18,449798-PAK,14.70,17.30,1,-15%,
2026-09-18,455637-PAK,4.40,4.90,1,-10%,
2026-09-18,449057-PAK,19.50,23.00,1,-15%,
2026-09-18,457373-ST,3.80,4.90,1,-22%,
2026-09-18,459030-Z02,6.60,7.40,1,-10%,
2026-09-18,455644-PAK,7.10,7.90,1,-10%,
2026-09-18,458138-ZSE,23.80,29.80,1,-20%,
2026-09-18,30603-PAK,7.50,8.90,1,-15%,
2026-09-18,455645-ZBE,12.90,16.40,1,-21%,
2026-09-18,455639-PAK,4.40,4.90,1,-10%,
2026-09-18,455640-PAK,4.40,4.90,1,-10%,
2026-09-18,455638-PAK,4.40,4.90,1,-10%,
2026-09-18,457798-PAK,21.00,24.80,1,-15%,
2026-09-18,73810-ZSE,45.80,51.00,1,-10%,
2026-09-18,455633-ZBI,17.00,18.90,1,-10%,
2026-09-18,411788-PAK,35.80,44.80,1,-20%,
2026-09-18,40914-PAK,17.90,19.90,1,-10%,
2026-09-18,7946-ZSA,12.60,14.90,1,-15%,
2026-09-18,7937-ZSA,12.60,14.90,1,-15%,
2026-09-18,454751-ZBE,14.90,18.90,1,-21%,
2026-09-18,446057-ZBI,17.90,19.90,1,-10%,
2026-09-18,7939-ZSA,13.50,15.90,1,-15%,
2026-09-18,455627-ZBE,12.50,13.90,1,-10%,
2026-09-18,455629-ZBE,12.50,13.90,1,-10%,
2026-09-18,53768-ZBE,19.30,22.80,1,-15%,
2026-09-18,460240-Z10,22.80,28.60,1,-20%,
2026-09-18,459900-Z12,18.30,23.00,1,-20%,
2026-09-18,59981-ZSE,12.50,13.90,1,-10%,
2026-09-18,457892-ZSA,13.90,15.50,1,-10%,
2026-09-18,455634-ZBI,16.80,18.70,1,-10%,
2026-09-18,450289-KAR,54.00,60.00,1,-10%,
2026-09-18,7938-ZSA,13.90,16.50,1,-15%,
2026-09-18,73465-Z20,73.00,82.00,1,-10%,
2026-09-18,161632-ZSE,29.40,32.80,1,-10%,
2026-09-18,455632-ZSE,25.00,27.80,1,-10%,
2026-09-18,456131-Z02,47.00,59.50,1,-21%,
2026-09-18,160314-ZBE,30.40,35.80,1,-15%,
2026-09-18,460440-ST,16.90,21.80,1,-22%,
2026-09-18,453930-Z20,71.00,79.00,1,-10%,
2026-09-18,161631-ZSE,57.00,68.00,1,-16%,
2026-09-18,460443-Z56,46.20,58.00,1,-20%,
2026-09-18,457543-PAK,5.95,8.70,1,-31%,
2026-09-18,445030-PAK,5.95,8.70,1,-31%,
2026-09-18,455290-PAK,5.90,7.90,1,-25%,
2026-09-18,448041-PAK,5.95,8.70,1,-31%,
2026-09-18,453365-PAK,5.10,7.90,1,-35%,
2026-09-18,80476-Z16,30.70,43.80,1,-29%,
2026-09-18,56003-ST,15.30,19.80,1,-22%,
2026-09-18,63197-ST,15.30,19.80,1,-22%,
2026-09-18,459725-PAK,5.95,8.70,1,-31%,
2026-09-18,459492-ST,5.90,7.90,1,-25%,
2026-09-18,56001-ST,15.30,19.80,1,-22%,
2026-09-18,459493-ST,5.90,7.90,1,-25%,
2026-09-18,80475-Z16,30.70,39.00,1,-21%,
2026-09-18,56002-ST,15.30,19.80,1,-22%,
2026-09-18,56004-ST,15.30,19.80,1,-22%,
2026-09-18,66361-ST,22.50,28.20,1,-20%,
2026-09-18,56000-ST,15.30,19.80,1,-22%,
2026-09-18,84464-Z10,30.40,32.40,1,-6%,
2026-09-18,453057-Z20,42.90,57.00,1,-24%,
2026-09-18,453082-Z24,41.00,56.50,1,-27%,
2026-09-18,453079-Z24,41.00,56.50,1,-27%,
2026-09-18,453081-Z24,41.00,56.50,1,-27%,
2026-09-18,457630-Z28,40.50,54.00,1,-25%,
2026-09-18,457548-Z20,42.90,57.00,1,-24%,
2026-09-18,457636-Z30,39.80,54.00,1,-26%,
2026-09-18,457561-Z36,40.80,51.00,1,-20%,
2026-09-18,459719-Z20,42.90,57.00,1,-24%,
