date,pid,price,regular,promo,label,until
2026-09-16,7056985,1.20,2.45,1,-51%,
2026-09-16,6840739,2.45,4.95,1,-50%,
2026-09-16,7464554,3.20,5.40,1,-40%,
2026-09-16,7592509,5.50,9.20,1,-40%,
2026-09-16,4830149,4.95,6.50,1,-23%,
2026-09-16,3491277,3.60,4.60,1,-21%,
2026-09-16,3509081,1.60,2.00,1,-20%,
2026-09-16,3924864,2.35,2.95,1,-20%,
2026-09-16,6560844,1.95,2.45,1,-20%,
2026-09-16,7037669,7.95,9.95,1,-20%,
2026-09-16,7037893,7.95,9.95,1,-20%,
2026-09-16,7038735,4.40,5.50,1,-20%,
2026-09-16,7039057,5.55,6.95,1,-20%,
2026-09-16,7040292,6.35,7.95,1,-20%,
2026-09-16,7040749,7.95,9.95,1,-20%,
2026-09-16,7050654,1.75,2.20,1,-20%,
2026-09-16,7279077,3.95,4.95,1,-20%,
2026-09-16,7291432,3.50,4.40,1,-20%,
2026-09-16,7473696,7.15,8.95,1,-20%,
2026-09-16,7615387,4.75,5.95,1,-20%,
2026-09-16,6883014,5.50,6.50,1,-15%,
2026-09-16,4001088,5.95,6.95,1,-14.0%,
2026-09-16,7572557,1.45,1.65,1,-12.0%,
2026-09-16,7518488,3.55,3.95,1,-10.0%,
2026-09-16,7518489,3.55,3.95,1,-10.0%,
2026-09-16,7566874,3.55,3.95,1,-10.0%,
2026-09-16,7580239,6.25,6.95,1,-10.0%,
2026-09-16,3090826,5.00,5.00,1,10x Superpoints,
2026-09-16,3091438,3.95,3.95,1,-20% dès 2,
2026-09-16,6239711,4.90,4.90,1,-20% dès 2,
2026-09-16,6349663,3.00,3.00,1,Super Prix,
2026-09-16,6377057,2.95,2.95,1,-20% dès 2,
2026-09-16,6378900,4.95,4.95,1,-20% dès 2,
2026-09-16,6466965,4.95,4.95,1,-20% dès 2,
2026-09-16,6469381,6.50,6.50,1,-20% dès 2,
2026-09-16,6494628,4.95,4.95,1,-20% dès 2,
2026-09-16,6640069,6.50,6.50,1,-20% dès 2,
2026-09-16,6651380,8.20,8.20,1,-20% dès 2,
2026-09-16,6651406,5.95,5.95,1,-20% dès 2,
2026-09-16,6683192,5.50,5.50,1,-20% dès 2,
2026-09-16,7042358,2.95,2.95,1,-33% dès 2,
2026-09-16,7255526,5.95,5.95,1,-20% dès 2,
2026-09-16,7261392,4.85,4.85,1,-20% dès 2,
2026-09-16,7332856,1.00,1.00,1,Super Prix,
2026-09-16,7531116,4.95,4.95,1,-20% dès 2,
2026-09-16,7550760,12.55,31.90,1,-60%,
2026-09-16,4901075,18.00,36.00,1,-50%,
2026-09-16,7293154,8.60,17.20,1,-50%,
2026-09-16,3080711,9.40,14.10,1,-33%,
2026-09-16,4379853,5.90,8.85,1,-33%,
2026-09-16,4844511,5.60,8.40,1,-33%,
2026-09-16,6576262,9.00,13.50,1,-33%,
2026-09-16,3080329,5.40,7.50,1,-28%,
2026-09-16,3080656,14.95,21.00,1,-28%,
2026-09-16,6393265,13.60,18.40,1,-26%,
2026-09-16,7235017,19.50,26.50,1,-26%,
2026-09-16,4279773,1.80,2.40,1,-25%,
2026-09-16,4279825,1.80,2.40,1,-25%,
2026-09-16,6415429,5.95,7.95,1,-25%,
2026-09-16,6556933,11.35,15.15,1,-25%,
2026-09-16,7204214,6.30,8.10,1,-22%,
2026-09-16,4229214,18.00,23.00,1,-21%,
2026-09-16,4661426,6.35,8.10,1,-21%,
2026-09-16,5746962,3.95,5.00,1,-21%,
2026-09-16,6556196,6.50,8.25,1,-21%,
2026-09-16,7252480,7.10,9.00,1,-21%,
2026-09-16,7274094,9.65,12.30,1,-21%,
2026-09-16,7459261,3.95,5.00,1,-21%,
2026-09-16,3081176,3.10,3.90,1,-20%,
2026-09-16,3081210,3.10,3.90,1,-20%,
2026-09-16,3384854,53.75,67.50,1,-20%,
2026-09-16,3441053,6.50,8.15,1,-20%,
2026-09-16,3481312,3.20,4.00,1,-20%,
2026-09-16,3481313,3.50,4.40,1,-20%,
2026-09-16,3481314,3.50,4.40,1,-20%,
2026-09-16,3843556,5.35,6.70,1,-20%,
2026-09-16,3888070,3.65,4.60,1,-20%,
2026-09-16,3891975,3.50,4.40,1,-20%,
2026-09-16,3891979,3.65,4.60,1,-20%,
2026-09-16,3891983,3.50,4.40,1,-20%,
2026-09-16,3891999,3.50,4.40,1,-20%,
2026-09-16,4011172,5.95,7.50,1,-20%,
2026-09-16,4310929,14.20,17.85,1,-20%,
2026-09-16,4331000,15.90,19.90,1,-20%,
2026-09-16,4645935,3.50,4.40,1,-20%,
2026-09-16,4645936,3.50,4.40,1,-20%,
2026-09-16,4685974,3.50,4.40,1,-20%,
2026-09-16,4685975,3.50,4.40,1,-20%,
2026-09-16,4686230,3.60,4.50,1,-20%,
2026-09-16,4814903,3.65,4.60,1,-20%,
2026-09-16,6016391,7.80,9.75,1,-20%,
2026-09-16,6016393,7.65,9.60,1,-20%,
2026-09-16,6125125,3.20,4.00,1,-20%,
2026-09-16,6338765,3.65,4.60,1,-20%,
2026-09-16,6393370,3.50,4.40,1,-20%,
2026-09-16,6515838,4.20,5.30,1,-20%,
2026-09-16,6562776,3.65,4.60,1,-20%,
2026-09-16,7038071,3.60,4.50,1,-20%,
2026-09-16,7102294,2.40,3.00,1,-20%,
2026-09-16,7103643,2.40,3.00,1,-20%,
2026-09-16,7149244,3.60,4.50,1,-20%,
2026-09-16,7149245,3.60,4.50,1,-20%,
2026-09-16,7338674,5.95,7.45,1,-20%,
2026-09-16,7382016,3.50,4.40,1,-20%,
2026-09-16,7574996,8.95,11.20,1,-20%,
2026-09-16,7285029,15.95,19.90,1,-19%,
2026-09-16,7200613,3.65,4.50,1,-18%,
2026-09-16,6690830,3.95,4.80,1,-17%,
2026-09-16,3081651,6.50,7.80,1,-16%,
2026-09-16,3080205,5.35,6.35,1,-15%,
2026-09-16,3080250,6.20,7.35,1,-15%,
2026-09-16,6445791,5.95,7.00,1,-15%,
2026-09-16,6445792,5.95,7.00,1,-15%,
2026-09-16,6726769,4.95,5.80,1,-14.0%,
2026-09-16,4904428,2.30,2.65,1,-13.0%,
2026-09-16,5667076,2.30,2.65,1,-13.0%,
2026-09-16,6726845,6.50,7.50,1,-13.0%,
2026-09-16,7564397,1.95,2.20,1,-11.0%,
2026-09-16,7570039,2.75,3.10,1,-11.0%,
2026-09-16,4008806,4.75,5.30,1,-10.0%,
2026-09-16,7168152,5.35,5.95,1,-10.0%,
2026-09-16,7293897,15.25,16.95,1,-10.0%,
2026-09-16,7438057,2.20,2.45,1,-10.0%,
2026-09-16,7438058,2.20,2.45,1,-10.0%,
2026-09-16,7556909,4.45,4.95,1,-10.0%,
2026-09-16,7558795,5.35,5.95,1,-10.0%,
2026-09-16,7558801,12.55,13.95,1,-10.0%,
2026-09-16,7558843,10.75,11.95,1,-10.0%,
2026-09-16,7560856,3.55,3.95,1,-10.0%,
2026-09-16,7561012,1.70,1.90,1,-10.0%,
2026-09-16,7561037,4.05,4.50,1,-10.0%,
2026-09-16,7561639,3.55,3.95,1,-10.0%,
2026-09-16,7561854,5.65,6.30,1,-10.0%,
2026-09-16,7561859,5.85,6.50,1,-10.0%,
2026-09-16,7562171,5.35,5.95,1,-10.0%,
2026-09-16,7562723,3.15,3.50,1,-10.0%,
2026-09-16,7562724,4.35,4.85,1,-10.0%,
2026-09-16,7563166,3.95,4.40,1,-10.0%,
2026-09-16,7563291,11.65,12.95,1,-10.0%,
2026-09-16,7565053,2.60,2.90,1,-10.0%,
2026-09-16,7567115,11.25,12.50,1,-10.0%,
2026-09-16,7569102,2.45,2.75,1,-10.0%,
2026-09-16,7571198,3.80,4.25,1,-10.0%,
2026-09-16,7576650,3.95,4.40,1,-10.0%,
2026-09-16,7577351,3.95,4.40,1,-10.0%,
2026-09-16,3081230,1.95,1.95,1,"1,95.- par 4",
2026-09-16,3081758,3.35,3.35,1,"1,35.- par 2",
2026-09-16,3700337,3.95,3.95,1,-20% dès 2,
2026-09-16,3941482,3.95,3.95,1,20x Superpoints,
2026-09-16,4160649,10.50,10.50,1,-20% dès 2,
2026-09-16,4446520,1.95,1.95,1,-25% dès 4,
2026-09-16,4585956,3.95,3.95,1,-20% dès 2,
2026-09-16,5934915,2.55,2.55,1,-20% dès 2,
2026-09-16,6083756,7.35,7.35,1,20x Superpoints,
2026-09-16,6481996,4.95,4.95,1,20x Superpoints,
2026-09-16,6516913,4.95,4.95,1,20x Superpoints,
2026-09-16,6539580,2.55,2.55,1,20x Superpoints,
2026-09-16,6604791,4.95,4.95,1,20x Superpoints,
2026-09-16,6660422,1.90,1.90,1,-20% dès 2,
2026-09-16,6660452,1.90,1.90,1,-20% dès 2,
2026-09-16,6763079,2.50,2.50,1,-20% dès 2,
2026-09-16,6834838,2.00,2.00,1,-20% dès 2,
2026-09-16,6856075,3.80,3.80,1,-20% dès 2,
2026-09-16,7069682,2.25,2.25,1,20x Superpoints,
2026-09-16,7102193,2.60,2.60,1,-20% dès 2,
2026-09-16,7107156,2.35,2.35,1,20x Superpoints,
2026-09-16,7232670,2.00,2.00,1,-20% dès 2,
2026-09-16,7233855,2.55,2.55,1,20x Superpoints,
2026-09-16,7239603,2.95,2.95,1,20x Superpoints,
2026-09-16,7243038,2.00,2.00,1,-20% dès 2,
2026-09-16,7243393,6.95,6.95,1,20x Superpoints,
2026-09-16,7335199,5.60,5.60,1,20x Superpoints,
2026-09-16,7348756,3.40,3.40,1,20x Superpoints,
2026-09-16,7348757,6.70,6.70,1,20x Superpoints,
2026-09-16,7364450,1.95,1.95,1,-20% dès 2,
2026-09-16,7372576,6.85,6.85,1,-20% dès 2,
2026-09-16,7388707,3.60,3.60,1,20x Superpoints,
2026-09-16,7401245,3.85,3.85,1,20x Superpoints,
2026-09-16,7417897,11.95,11.95,1,-20% dès 2,
2026-09-16,7428386,3.25,3.25,1,20x Superpoints,
2026-09-16,7449157,2.10,2.10,1,-20% dès 2,
2026-09-16,7459716,2.00,2.00,1,-20% dès 2,
2026-09-16,7491659,6.50,6.50,1,20x Superpoints,
2026-09-16,7496218,4.95,4.95,1,20x Superpoints,
2026-09-16,7496326,3.95,3.95,1,-20% dès 2,
2026-09-16,7497540,1.95,1.95,1,-20% dès 2,
2026-09-16,7497861,3.30,3.30,1,-20% dès 2,
2026-09-16,7499224,1.95,1.95,1,-20% dès 2,
2026-09-16,7522464,2.25,2.25,1,-20% dès 2,
2026-09-16,5907238,11.00,22.50,1,-51%,
2026-09-16,3400881,12.40,24.80,1,-50%,
2026-09-16,3953856,9.90,19.90,1,-50%,
2026-09-16,4481975,14.10,28.50,1,-50%,
2026-09-16,5860293,17.50,35.00,1,-50%,
2026-09-16,6372675,9.75,19.50,1,-50%,
2026-09-16,6483091,12.35,24.75,1,-50%,
2026-09-16,6483125,10.30,20.65,1,-50%,
2026-09-16,6483128,5.90,11.80,1,-50%,
2026-09-16,6622971,4.95,9.90,1,-50%,
2026-09-16,6652944,15.25,30.85,1,-50%,
2026-09-16,6659756,8.00,16.05,1,-50%,
2026-09-16,7126974,11.90,23.85,1,-50%,
2026-09-16,7126975,9.95,20.00,1,-50%,
2026-09-16,7366405,14.00,28.00,1,-50%,
2026-09-16,7250192,15.95,29.90,1,-46%,
2026-09-16,4096313,9.35,16.80,1,-44%,
2026-09-16,7156874,14.95,27.00,1,-44%,
2026-09-16,6483094,15.80,27.60,1,-42%,
2026-09-16,5907239,9.00,15.30,1,-41%,
2026-09-16,7556635,8.25,14.00,1,-41%,
2026-09-16,7571778,6.90,11.70,1,-41%,
2026-09-16,3394038,14.70,24.90,1,-40%,
2026-09-16,3435541,11.90,19.85,1,-40%,
2026-09-16,3758494,38.50,64.40,1,-40%,
2026-09-16,3481749,8.95,13.75,1,-34%,
2026-09-16,4029704,8.70,13.20,1,-34%,
2026-09-16,7558205,5.70,8.70,1,-34%,
2026-09-16,7137231,8.15,12.35,1,-34%,
2026-09-16,3700360,34.30,51.60,1,-33%,
2026-09-16,6562363,14.95,22.40,1,-33%,
2026-09-16,6567279,9.90,14.85,1,-33%,
2026-09-16,6876567,15.95,23.90,1,-33%,
2026-09-16,7415848,7.90,11.85,1,-33%,
2026-09-16,6528757,14.95,22.05,1,-32%,
2026-09-16,3060599,8.25,12.05,1,-31%,
2026-09-16,6288259,9.85,14.20,1,-30%,
2026-09-16,6557600,8.95,12.95,1,-30%,
2026-09-16,6609806,6.90,9.90,1,-30%,
2026-09-16,7290834,8.95,12.95,1,-30%,
2026-09-16,7539274,9.95,14.10,1,-29%,
2026-09-16,6551513,4.95,6.95,1,-28%,
2026-09-16,4933027,12.95,17.40,1,-25%,
2026-09-16,6617525,11.25,15.00,1,-25%,
2026-09-16,7061109,11.40,15.30,1,-25%,
2026-09-16,7264959,7.85,10.40,1,-24%,
2026-09-16,3064909,9.20,11.95,1,-23%,
2026-09-16,3704083,11.20,14.60,1,-23%,
2026-09-16,3061177,7.50,9.50,1,-21%,
2026-09-16,3354870,7.95,10.10,1,-21%,
2026-09-16,5619713,7.95,10.15,1,-21%,
2026-09-16,7026612,5.75,7.35,1,-21%,
2026-09-16,3348654,6.10,7.75,1,-21%,
2026-09-16,3060409,16.55,20.85,1,-20%,
2026-09-16,3060410,10.35,13.05,1,-20%,
2026-09-16,3063602,7.80,9.80,1,-20%,
2026-09-16,3435273,9.00,11.35,1,-20%,
2026-09-16,3443066,7.10,8.90,1,-20%,
2026-09-16,3592127,7.60,9.60,1,-20%,
2026-09-16,5898259,15.65,19.80,1,-20%,
2026-09-16,7608506,7.90,9.90,1,-20%,
2026-09-16,6483092,8.35,10.55,1,-20%,
2026-09-16,7272414,16.90,21.15,1,-20%,
2026-09-16,7285459,7.90,9.90,1,-20%,
2026-09-16,3066224,16.10,20.00,1,-19%,
2026-09-16,3066964,16.20,20.20,1,-19%,
2026-09-16,3067794,16.35,20.25,1,-19%,
2026-09-16,3742189,20.50,25.50,1,-19%,
2026-09-16,5690161,9.90,11.90,1,-16%,
2026-09-16,4249251,11.60,13.60,1,-14.0%,
2026-09-16,4399891,8.85,10.35,1,-14.0%,
2026-09-16,4659295,12.30,14.30,1,-13.0%,
2026-09-16,4097392,8.15,9.35,1,-12.0%,
2026-09-16,5650883,8.30,9.50,1,-12.0%,
2026-09-16,3064251,7.00,7.95,1,-11.0%,
2026-09-16,3066952,6.05,6.80,1,-11.0%,
2026-09-16,5742023,11.25,12.75,1,-11.0%,
2026-09-16,5742357,15.00,17.00,1,-11.0%,
2026-09-16,7438622,7.40,8.40,1,-11.0%,
2026-09-16,7532719,4.45,4.95,1,-10.0%,
2026-09-16,7567589,4.45,4.95,1,-10.0%,
2026-09-16,3062167,2.15,2.15,1,"2,15.- par 3",
2026-09-16,4234741,2.95,4.50,1,-34%,
2026-09-16,4314837,5.55,7.95,1,-30%,
2026-09-16,7482651,6.40,9.20,1,-30%,
2026-09-16,7546085,3.45,4.95,1,-30%,
2026-09-16,6776842,5.40,6.95,1,-22%,
2026-09-16,5620342,5.90,7.40,1,-20%,
2026-09-16,7399612,5.95,7.50,1,-20%,
2026-09-16,7541199,1.85,2.10,1,-11.0%,
2026-09-16,7520628,3.50,3.90,1,-10.0%,
2026-09-16,3041028,2.95,2.95,1,-20% par 2,
2026-09-16,3041212,3.20,3.20,1,-20% dès 2,
2026-09-16,3041330,4.95,4.95,1,-20% dès 2,
2026-09-16,3041834,4.40,4.40,1,-30% dès 3,
2026-09-16,3041836,2.45,2.45,1,-30% dès 3,
2026-09-16,3041946,2.50,2.50,1,-30% dès 3,
2026-09-16,3425556,2.25,2.25,1,-30% dès 3,
2026-09-16,3715589,4.40,4.40,1,-20% dès 2,
2026-09-16,3725523,2.90,2.90,1,-20% dès 2,
2026-09-16,3725524,2.95,2.95,1,-20% dès 2,
2026-09-16,3954552,3.20,3.20,1,-20% par 2,
2026-09-16,4275096,3.75,3.75,1,-20% dès 2,
2026-09-16,4750751,3.95,3.95,1,-30% dès 3,
2026-09-16,4864690,3.25,3.25,1,-20% dès 2,
2026-09-16,4952835,4.25,4.25,1,-30% dès 3,
2026-09-16,4960272,5.95,5.95,1,-30% dès 3,
2026-09-16,5646435,4.95,4.95,1,-20% dès 2,
2026-09-16,5650918,3.40,3.40,1,-20% dès 2,
2026-09-16,5722124,5.30,5.30,1,-20% dès 2,
2026-09-16,5722126,5.30,5.30,1,-20% dès 2,
2026-09-16,5804223,5.30,5.30,1,-20% dès 2,
2026-09-16,6090654,2.25,2.25,1,-30% dès 3,
2026-09-16,6102497,3.20,3.20,1,-20% par 2,
2026-09-16,6601630,5.95,5.95,1,-30% dès 3,
2026-09-16,6707392,5.95,5.95,1,20x Superpoints,
2026-09-16,6869974,3.25,3.25,1,-30% dès 3,
2026-09-16,6869975,3.25,3.25,1,-30% dès 3,
2026-09-16,7244019,3.60,3.60,1,-20% dès 2,
2026-09-16,7322509,3.95,3.95,1,-30% dès 3,
2026-09-16,7322682,3.25,3.25,1,-30% dès 3,
2026-09-16,7376840,3.95,3.95,1,-20% dès 2,
2026-09-16,7392458,2.95,2.95,1,-21% dès 2,
2026-09-16,7393679,4.95,4.95,1,20x Superpoints,
2026-09-16,7404717,4.40,4.40,1,-30% dès 3,
2026-09-16,7523059,2.95,2.95,1,-20% dès 2,
2026-09-16,7563334,5.95,5.95,1,-30% dès 3,
2026-09-16,7563335,1.95,1.95,1,-30% dès 3,
2026-09-16,7566446,3.75,3.75,1,-30% dès 3,
2026-09-16,7566450,4.95,4.95,1,-30% dès 3,
2026-09-16,6377060,4.85,10.65,1,-54%,
2026-09-16,4326944,9.00,18.00,1,-50%,
2026-09-16,6050231,9.00,18.00,1,-50%,
2026-09-16,6309090,9.00,18.00,1,-50%,
2026-09-16,6309151,12.00,24.00,1,-50%,
2026-09-16,6354649,7.50,15.00,1,-50%,
2026-09-16,6354686,7.50,15.00,1,-50%,
2026-09-16,6354693,7.50,15.00,1,-50%,
2026-09-16,6354699,7.50,15.00,1,-50%,
2026-09-16,6359596,5.85,11.70,1,-50%,
2026-09-16,6359597,5.85,11.70,1,-50%,
2026-09-16,7251557,10.50,21.00,1,-50%,
2026-09-16,7348818,4.50,8.95,1,-49%,
2026-09-16,3020909,14.20,23.70,1,-40%,
2026-09-16,6704094,11.50,19.20,1,Online 40%,
2026-09-16,4014723,7.90,12.00,1,-34%,
2026-09-16,3020095,5.95,9.00,1,Online 33%,
2026-09-16,3020178,3.20,4.80,1,-33%,
2026-09-16,3020183,3.70,5.55,1,-33%,
2026-09-16,3020188,4.20,6.30,1,-33%,
2026-09-16,3020317,5.60,8.40,1,Online 33%,
2026-09-16,3030044,8.40,12.60,1,-33%,
2026-09-16,3659830,6.80,10.20,1,-33%,
2026-09-16,4279384,5.00,7.50,1,-33%,
2026-09-16,4279385,5.00,7.50,1,-33%,
2026-09-16,4340221,5.00,7.50,1,-33%,
2026-09-16,4486634,8.00,12.00,1,-33%,
2026-09-16,4486637,6.00,9.00,1,-33%,
2026-09-16,4486638,6.00,9.00,1,-33%,
2026-09-16,4486709,6.00,9.00,1,-33%,
2026-09-16,4486856,4.00,6.00,1,Online 33%,
2026-09-16,4691156,5.00,7.50,1,-33%,
2026-09-16,4691157,5.00,7.50,1,-33%,
2026-09-16,4961928,7.80,11.70,1,-33%,
2026-09-16,4965049,7.80,11.70,1,-33%,
2026-09-16,6290065,7.00,10.50,1,-33%,
2026-09-16,6418494,4.60,6.90,1,-33%,
2026-09-16,6502264,8.40,12.60,1,-33%,
2026-09-16,6703972,15.80,23.70,1,Online 33%,
2026-09-16,7032820,3.80,5.70,1,-33%,
2026-09-16,7032981,3.80,5.70,1,-33%,
2026-09-16,7033015,3.80,5.70,1,-33%,
2026-09-16,7033016,3.80,5.70,1,-33%,
2026-09-16,7033020,3.50,5.25,1,-33%,
2026-09-16,7033073,4.90,7.35,1,-33%,
2026-09-16,7181186,3.90,5.85,1,-33%,
2026-09-16,7200239,10.40,15.60,1,-33%,
2026-09-16,7200313,7.90,11.85,1,-33%,
2026-09-16,7200315,9.00,13.50,1,-33%,
2026-09-16,7200318,6.40,9.60,1,-33%,
2026-09-16,7397514,5.60,8.40,1,-33%,
2026-09-16,7397707,5.60,8.40,1,-33%,
2026-09-16,6459776,11.15,15.95,1,-30%,
2026-09-16,3659757,5.85,7.80,1,-25%,
2026-09-16,3843171,5.85,7.80,1,-25%,
2026-09-16,4686229,5.85,7.80,1,-25%,
2026-09-16,5903005,5.85,7.80,1,-25%,
2026-09-16,7351503,7.50,10.00,1,-25%,
2026-09-16,4420306,12.95,16.50,1,-21%,
2026-09-16,3020192,6.20,7.80,1,-20%,
2026-09-16,3351462,20.40,25.50,1,-20%,
2026-09-16,4453072,9.60,12.00,1,Online 20%,
2026-09-16,4537757,6.20,7.80,1,-20%,
2026-09-16,4537774,6.20,7.80,1,-20%,
2026-09-16,4940250,9.60,12.00,1,Online 20%,
2026-09-16,5823140,9.55,11.95,1,-20%,
2026-09-16,6113169,6.20,7.80,1,-20%,
2026-09-16,6421685,9.55,11.95,1,-20%,
2026-09-16,6463127,10.35,12.95,1,-20%,
2026-09-16,6744060,17.55,21.95,1,-20%,
2026-09-16,6868884,6.35,7.95,1,-20%,
2026-09-16,6868930,6.35,7.95,1,-20%,
2026-09-16,6982552,7.15,8.95,1,-20%,
2026-09-16,7200597,6.35,7.95,1,-20%,
2026-09-16,7300665,15.95,19.95,1,-20%,
2026-09-16,7300667,15.95,19.95,1,-20%,
2026-09-16,7300670,15.95,19.95,1,-20%,
2026-09-16,7300841,15.95,19.95,1,-20%,
2026-09-16,7300842,15.95,19.95,1,-20%,
2026-09-16,7300846,23.95,29.95,1,-20%,
2026-09-16,7300847,23.95,29.95,1,-20%,
2026-09-16,7300936,15.95,19.95,1,-20%,
2026-09-16,7300937,15.95,19.95,1,-20%,
2026-09-16,7300938,15.95,19.95,1,-20%,
2026-09-16,7300939,15.95,19.95,1,-20%,
2026-09-16,7300940,15.95,19.95,1,-20%,
2026-09-16,7301237,11.15,13.95,1,-20%,
2026-09-16,7301238,7.15,8.95,1,-20%,
2026-09-16,7301239,7.15,8.95,1,-20%,
2026-09-16,7301240,7.15,8.95,1,-20%,
2026-09-16,7301311,7.15,8.95,1,-20%,
2026-09-16,7301312,7.15,8.95,1,-20%,
2026-09-16,7301314,15.95,19.95,1,-20%,
2026-09-16,7301315,7.15,8.95,1,-20%,
2026-09-16,7301316,7.15,8.95,1,-20%,
2026-09-16,7301317,7.15,8.95,1,-20%,
2026-09-16,7301318,7.15,8.95,1,-20%,
2026-09-16,7301319,7.15,8.95,1,-20%,
2026-09-16,7301320,15.95,19.95,1,-20%,
2026-09-16,7301322,15.95,19.95,1,-20%,
2026-09-16,7301326,15.95,19.95,1,-20%,
2026-09-16,7301333,15.95,19.95,1,-20%,
2026-09-16,7423032,17.55,21.95,1,-20%,
2026-09-16,7444879,15.95,19.95,1,-20%,
2026-09-16,7487108,9.55,11.95,1,-20%,
2026-09-16,7558061,15.95,19.95,1,-20%,
2026-09-16,7558062,7.15,8.95,1,-20%,
2026-09-16,7558063,7.15,8.95,1,-20%,
2026-09-16,7558064,15.95,19.95,1,-20%,
2026-09-16,7558068,7.15,8.95,1,-20%,
2026-09-16,7476758,1.75,1.95,1,-10.0%,
2026-09-16,7532735,3.55,3.95,1,-10.0%,
2026-09-16,7558770,4.35,4.85,1,-10.0%,
2026-09-16,7558851,4.35,4.85,1,-10.0%,
2026-09-16,7558852,4.35,4.85,1,-10.0%,
2026-09-16,7563657,4.05,4.50,1,-10.0%,
2026-09-16,7563658,4.05,4.50,1,-10.0%,
2026-09-16,7563659,4.05,4.50,1,-10.0%,
2026-09-16,7563661,4.05,4.50,1,-10.0%,
2026-09-16,3020205,1.30,1.30,1,"1,6.- par 6",
2026-09-16,3020283,3.40,3.40,1,-20% dès 2,
2026-09-16,3020362,8.50,8.50,1,-20% dès 2,
2026-09-16,3020366,3.95,3.95,1,-20% dès 2,
2026-09-16,3020367,7.95,7.95,1,-20% dès 2,
2026-09-16,3020368,2.40,2.40,1,-20% dès 2,
2026-09-16,3020759,3.80,3.80,1,-20% dès 2,
2026-09-16,3021478,2.95,2.95,1,-20% dès 2,
2026-09-16,3021479,2.95,2.95,1,-20% dès 2,
2026-09-16,3022327,11.70,11.70,1,-20% dès 2,
2026-09-16,3022329,2.90,2.90,1,-20% dès 2,
2026-09-16,3022339,1.95,1.95,1,-20% dès 2,
2026-09-16,3022359,3.80,3.80,1,-20% dès 2,
2026-09-16,3022360,3.80,3.80,1,-20% dès 2,
2026-09-16,3022361,3.80,3.80,1,-20% dès 2,
2026-09-16,3022362,3.85,3.85,1,-20% dès 2,
2026-09-16,3022363,3.80,3.80,1,-20% dès 2,
2026-09-16,3022364,2.95,2.95,1,-20% dès 2,
2026-09-16,3022391,3.30,3.30,1,-20% dès 2,
2026-09-16,3022398,3.85,3.85,1,-20% dès 2,
2026-09-16,3022404,3.85,3.85,1,-20% dès 2,
2026-09-16,3022411,3.80,3.80,1,-20% dès 2,
2026-09-16,3022431,3.95,3.95,1,-20% dès 2,
2026-09-16,3022453,2.70,2.70,1,-20% dès 2,
2026-09-16,3022472,3.85,3.85,1,-20% dès 2,
2026-09-16,3022480,1.50,1.50,1,-20% dès 2,
2026-09-16,3022481,1.80,1.80,1,-20% dès 2,
2026-09-16,3022482,2.30,2.30,1,-20% dès 2,
2026-09-16,3022489,2.50,2.50,1,-20% dès 2,
2026-09-16,3022520,2.90,2.90,1,-20% dès 2,
2026-09-16,3022531,3.40,3.40,1,-20% dès 2,
2026-09-16,3022702,2.50,2.50,1,-20% dès 2,
2026-09-16,3022818,2.95,2.95,1,-20% dès 2,
2026-09-16,3022887,3.60,3.60,1,-20% dès 2,
2026-09-16,3023104,8.95,8.95,1,-20% dès 2,
2026-09-16,3023244,3.90,3.90,1,"1,6.- par 2",
2026-09-16,3023358,3.90,3.90,1,"1,6.- par 2",
2026-09-16,3023941,3.75,3.75,1,-20% dès 2,
2026-09-16,3023955,3.85,3.85,1,-20% dès 2,
2026-09-16,3024017,15.95,15.95,1,-40% dès 2,
2026-09-16,3030414,5.20,5.20,1,-20% dès 2,
2026-09-16,3030415,5.20,5.20,1,-20% dès 2,
2026-09-16,3030587,3.95,3.95,1,-20% dès 2,
2026-09-16,3030751,1.30,1.30,1,-20% dès 2,
2026-09-16,3031255,1.70,1.70,1,-20% dès 2,
2026-09-16,3031293,7.50,7.50,1,-20% dès 2,
2026-09-16,3031330,7.50,7.50,1,-20% dès 2,
2026-09-16,3031334,5.20,5.20,1,-20% dès 2,
2026-09-16,3031335,5.20,5.20,1,-20% dès 2,
2026-09-16,3031336,5.20,5.20,1,-20% dès 2,
2026-09-16,3031337,4.70,4.70,1,-20% dès 2,
2026-09-16,3031462,5.95,5.95,1,-25% dès 2,
2026-09-16,3031551,5.20,5.20,1,-20% dès 2,
2026-09-16,3031705,5.20,5.20,1,-20% dès 2,
2026-09-16,3031954,6.70,6.70,1,-25% dès 2,
2026-09-16,3031958,3.95,3.95,1,-20% dès 2,
2026-09-16,3032075,4.70,4.70,1,-20% dès 2,
2026-09-16,3032076,4.50,4.50,1,-20% dès 2,
2026-09-16,3032078,5.20,5.20,1,-20% dès 2,
2026-09-16,3032079,5.20,5.20,1,-20% dès 2,
2026-09-16,3032094,2.95,2.95,1,-20% dès 2,
2026-09-16,3032115,5.20,5.20,1,-20% dès 2,
2026-09-16,3032332,3.95,3.95,1,-20% dès 2,
2026-09-16,3032334,3.95,3.95,1,-20% dès 2,
2026-09-16,3033031,4.25,4.25,1,-20% dès 2,
2026-09-16,3033577,4.60,4.60,1,-20% dès 2,
2026-09-16,3050213,9.30,9.30,1,-30% dès 2,
2026-09-16,3050447,6.60,6.60,1,-50% dès 2,
2026-09-16,3154106,1.95,1.95,1,-20% dès 2,
2026-09-16,3361023,2.50,2.50,1,-20% dès 2,
2026-09-16,3407609,7.30,7.30,1,-25% dès 2,
2026-09-16,3421666,3.95,3.95,1,-20% dès 2,
2026-09-16,3421692,4.20,4.20,1,-20% dès 2,
2026-09-16,3423600,8.50,8.50,1,-20% dès 2,
2026-09-16,3445031,3.90,3.90,1,"1,6.- par 2",
2026-09-16,3445050,3.50,3.50,1,-20% dès 2,
2026-09-16,3473364,5.95,5.95,1,-25% dès 2,
2026-09-16,3510761,3.20,3.20,1,-20% dès 2,
2026-09-16,3532743,3.20,3.20,1,-20% dès 2,
2026-09-16,3580717,3.20,3.20,1,-20% dès 2,
2026-09-16,3582209,6.95,6.95,1,-20% dès 2,
2026-09-16,3587866,5.95,5.95,1,-20% dès 2,
2026-09-16,3590538,4.20,4.20,1,-20% dès 2,
2026-09-16,3604133,14.35,14.35,1,-30% dès 2,
2026-09-16,3643876,2.80,2.80,1,-20% dès 2,
2026-09-16,3659451,4.20,4.20,1,-20% dès 2,
2026-09-16,3660025,3.95,3.95,1,-20% dès 2,
2026-09-16,3694912,3.10,3.10,1,-20% dès 2,
2026-09-16,3919066,3.50,3.50,1,-20% dès 2,
2026-09-16,3951459,4.95,4.95,1,-20% dès 2,
2026-09-16,3951461,4.95,4.95,1,-20% dès 2,
2026-09-16,4017965,3.95,3.95,1,-20% dès 2,
2026-09-16,4025428,4.20,4.20,1,-20% dès 2,
2026-09-16,4030457,2.60,2.60,1,-20% dès 2,
2026-09-16,4030584,3.95,3.95,1,-20% dès 2,
2026-09-16,4085774,8.70,8.70,1,-25% dès 2,
2026-09-16,4091854,8.40,8.40,1,-20% dès 2,
2026-09-16,4100004,6.95,6.95,1,-20% dès 2,
2026-09-16,4124450,7.95,7.95,1,-25% dès 2,
2026-09-16,4125700,4.95,4.95,1,-20% dès 2,
2026-09-16,4259637,3.80,3.80,1,-20% dès 2,
2026-09-16,4280411,8.95,8.95,1,-25% dès 2,
2026-09-16,4391523,3.20,3.20,1,-20% dès 2,
2026-09-16,4413855,7.45,7.45,1,-25% dès 2,
2026-09-16,4414966,4.95,4.95,1,-20% dès 2,
2026-09-16,4436535,2.95,2.95,1,-20% dès 2,
2026-09-16,4459909,3.80,3.80,1,-20% dès 2,
2026-09-16,4484351,4.95,4.95,1,-30% dès 2,
2026-09-16,4487066,10.50,10.50,1,-20% dès 2,
2026-09-16,4495681,5.30,5.30,1,-20% dès 2,
2026-09-16,4513201,2.95,2.95,1,-20% dès 2,
2026-09-16,4586315,3.80,3.80,1,-20% dès 2,
2026-09-16,4645840,5.65,5.65,1,-20% dès 2,
2026-09-16,4880418,3.50,3.50,1,-20% dès 2,
2026-09-16,4911413,2.50,2.50,1,-20% dès 2,
2026-09-16,4929082,5.30,5.30,1,-20% dès 2,
2026-09-16,4945983,4.95,4.95,1,-20% dès 2,
2026-09-16,4945984,5.50,5.50,1,-20% dès 2,
2026-09-16,5602030,8.45,8.45,1,-25% dès 2,
2026-09-16,5603083,8.80,8.80,1,-20% dès 2,
2026-09-16,5603341,9.95,9.95,1,-20% dès 2,
2026-09-16,5603350,9.95,9.95,1,-20% dès 2,
2026-09-16,5623419,2.80,2.80,1,-20% dès 2,
2026-09-16,5753627,5.95,5.95,1,-20% dès 2,
2026-09-16,5753861,7.95,7.95,1,-20% dès 2,
2026-09-16,5753968,6.00,6.00,1,-20% dès 2,
2026-09-16,5818171,2.25,2.25,1,-20% dès 2,
2026-09-16,5820593,2.50,2.50,1,-20% dès 2,
2026-09-16,5821306,9.95,9.95,1,-20% dès 2,
2026-09-16,5857903,2.45,2.45,1,-20% dès 2,
2026-09-16,5863705,5.95,5.95,1,-30% dès 2,
2026-09-16,5935748,5.60,5.60,1,-25% dès 2,
2026-09-16,5935750,4.95,4.95,1,-25% dès 2,
2026-09-16,5938356,2.80,2.80,1,-20% dès 2,
2026-09-16,5938357,2.80,2.80,1,-20% dès 2,
2026-09-16,5951538,2.95,2.95,1,-20% dès 2,
2026-09-16,5968598,3.80,3.80,1,-20% dès 2,
2026-09-16,5968599,3.80,3.80,1,-20% dès 2,
2026-09-16,5968600,3.80,3.80,1,-20% dès 2,
2026-09-16,6008271,4.95,4.95,1,-20% dès 2,
2026-09-16,6012266,3.95,3.95,1,-20% dès 2,
2026-09-16,6036570,3.95,3.95,1,-20% dès 2,
2026-09-16,6052325,1.95,1.95,1,-20% dès 2,
2026-09-16,6052395,1.95,1.95,1,-20% dès 2,
2026-09-16,6052399,2.85,2.85,1,-20% dès 2,
2026-09-16,6055581,5.95,5.95,1,-20% dès 2,
2026-09-16,6058768,5.50,5.50,1,-20% dès 2,
2026-09-16,6061425,4.80,4.80,1,-20% dès 2,
2026-09-16,6098577,14.95,14.95,1,-30% dès 2,
2026-09-16,6099947,3.95,3.95,1,-20% dès 2,
2026-09-16,6100018,3.95,3.95,1,-20% dès 2,
2026-09-16,6100019,3.95,3.95,1,-20% dès 2,
2026-09-16,6521583,5.50,11.85,1,-53%,
2026-09-16,4352432,3.30,6.60,1,-50%,
2026-09-16,4352434,3.30,6.60,1,-50%,
2026-09-16,6222690,3.00,6.10,1,-50%,
2026-09-16,7128956,14.95,27.00,1,-44%,
2026-09-16,7128961,14.95,27.00,1,-44%,
2026-09-16,3476903,4.80,8.05,1,Online 40%,
2026-09-16,3476970,4.80,8.05,1,Online 40%,
2026-09-16,4320861,5.40,9.10,1,Online 40%,
2026-09-16,6695693,9.95,16.85,1,Online 40%,
2026-09-16,7224469,5.90,9.85,1,-40%,
2026-09-16,7243899,5.40,9.10,1,Online 40%,
2026-09-16,7561819,19.80,33.00,1,Online 40%,
2026-09-16,6108334,6.95,10.70,1,Online 35%,
2026-09-16,4853068,3.30,5.00,1,-34%,
2026-09-16,4861021,7.80,11.90,1,-34%,
2026-09-16,4863955,7.80,11.90,1,-34%,
2026-09-16,4863989,6.70,10.30,1,-34%,
2026-09-16,7124951,4.10,6.30,1,Online 34%,
2026-09-16,7192801,7.80,11.90,1,-34%,
2026-09-16,3001209,25.90,38.85,1,-33%,
2026-09-16,3003768,6.80,10.20,1,-33%,
2026-09-16,3153258,8.40,12.60,1,-33%,
2026-09-16,3153299,8.40,12.60,1,-33%,
2026-09-16,3426818,25.90,38.85,1,-33%,
2026-09-16,3462777,6.50,9.80,1,-33%,
2026-09-16,3933694,6.80,10.20,1,-33%,
2026-09-16,3933695,6.60,9.90,1,-33%,
2026-09-16,3933698,5.90,8.85,1,-33%,
2026-09-16,3938003,8.40,12.60,1,-33%,
2026-09-16,4494864,3.90,5.85,1,-33%,
2026-09-16,5836030,7.90,11.85,1,-33%,
2026-09-16,6776641,6.80,10.20,1,-33%,
2026-09-16,6881537,8.40,12.60,1,-33%,
2026-09-16,7266778,7.90,11.85,1,-33%,
2026-09-16,7276749,5.90,8.85,1,-33%,
2026-09-16,7276775,5.90,8.85,1,-33%,
2026-09-16,7396738,8.40,12.60,1,-33%,
2026-09-16,5989963,5.95,8.85,1,-32%,
2026-09-16,6637715,5.95,8.85,1,-32%,
2026-09-16,7553995,8.90,12.95,1,Online 31%,
2026-09-16,7578575,2.70,3.95,1,Online 31%,
2026-09-16,7578576,8.90,12.95,1,Online 31%,
2026-09-16,7516721,4.10,5.90,1,Online 30%,
2026-09-16,7521705,6.90,9.90,1,Online 30%,
2026-09-16,7524782,4.45,6.40,1,-30%,
2026-09-16,7133073,14.50,19.90,1,Online 27%,
2026-09-16,3002344,7.95,10.65,1,-25%,
2026-09-16,3002353,9.90,13.20,1,-25%,
2026-09-16,3003667,9.90,13.20,1,-25%,
2026-09-16,6802633,11.20,14.95,1,Online 25%,
2026-09-16,7356032,8.95,11.85,1,Online 24%,
2026-09-16,6556662,6.95,8.80,1,Online 21%,
2026-09-16,3002630,3.15,3.95,1,-20%,
2026-09-16,3004162,7.15,8.95,1,-20%,
2026-09-16,3004394,7.15,8.95,1,-20%,
2026-09-16,4134662,18.30,22.90,1,Online 20%,
2026-09-16,6122944,9.45,11.85,1,-20%,
2026-09-16,7297629,9.45,11.85,1,-20%,
2026-09-16,7331551,9.45,11.85,1,-20%,
2026-09-16,7393358,11.50,14.40,1,Online 20%,
2026-09-16,7509771,6.30,7.90,1,-20%,
2026-09-16,7545729,2.80,3.50,1,Online 20%,
2026-09-16,7545730,2.80,3.50,1,Online 20%,
2026-09-16,7551814,3.95,4.95,1,Online 20%,
2026-09-16,7479071,4.05,4.50,1,-10.0%,
2026-09-16,7481975,4.05,4.50,1,-10.0%,
2026-09-16,7520820,4.20,4.70,1,-10.0%,
2026-09-16,7524114,3.55,3.95,1,-10.0%,
2026-09-16,7533477,4.45,4.95,1,-10.0%,
2026-09-16,7545353,8.05,8.95,1,-10.0%,
2026-09-16,7546781,2.50,2.80,1,-10.0%,
2026-09-16,7546782,2.50,2.80,1,-10.0%,
2026-09-16,7550910,4.45,4.95,1,-10.0%,
2026-09-16,7553233,4.20,4.70,1,-10.0%,
2026-09-16,7553234,2.65,2.95,1,-10.0%,
2026-09-16,7553235,5.35,5.95,1,-10.0%,
2026-09-16,7553238,3.15,3.50,1,-10.0%,
2026-09-16,7553239,4.45,4.95,1,-10.0%,
2026-09-16,7553572,4.45,4.95,1,-10.0%,
2026-09-16,7556427,2.15,2.40,1,-10.0%,
2026-09-16,7561815,5.35,5.95,1,-10.0%,
2026-09-16,7561816,4.45,4.95,1,-10.0%,
2026-09-16,7570980,3.55,3.95,1,-10.0%,
2026-09-16,3000740,5.40,5.40,1,-30% dès 2,
2026-09-16,3000760,5.40,5.40,1,-30% dès 2,
2026-09-16,3001121,1.60,1.60,1,-20% dès 2,
2026-09-16,3002946,1.60,1.60,1,-20% dès 2,
2026-09-16,3152769,4.90,4.90,1,"3,3.- par 2",
2026-09-16,3374601,5.95,5.95,1,-20% dès 2,
2026-09-16,3380457,3.95,3.95,1,-20% dès 2,
2026-09-16,3380458,3.50,3.50,1,-20% dès 2,
2026-09-16,3380459,3.50,3.50,1,-20% dès 2,
2026-09-16,3479421,3.50,3.50,1,-20% dès 2,
2026-09-16,3532741,3.20,3.20,1,-20% dès 2,
2026-09-16,3532742,3.20,3.20,1,-20% dès 2,
2026-09-16,3532745,3.20,3.20,1,-20% dès 2,
2026-09-16,3532746,3.20,3.20,1,-20% dès 2,
2026-09-16,3532747,3.20,3.20,1,-20% dès 2,
2026-09-16,3532748,3.20,3.20,1,-20% dès 2,
2026-09-16,3533169,3.95,3.95,1,-20% dès 2,
2026-09-16,3533170,3.95,3.95,1,-20% dès 2,
2026-09-16,3533274,14.95,14.95,1,-20% dès 2,
2026-09-16,3533289,39.95,39.95,1,-20% dès 2,
2026-09-16,3548708,4.50,4.50,1,-20% dès 2,
2026-09-16,3551224,5.40,5.40,1,-30% dès 2,
2026-09-16,3615372,1.85,1.85,1,-20% dès 2,
2026-09-16,3626050,3.20,3.20,1,-20% dès 2,
2026-09-16,3664523,17.95,17.95,1,-20% dès 2,
2026-09-16,3709104,1.85,1.85,1,-20% dès 2,
2026-09-16,3861500,3.20,3.20,1,"1,95.- par 2",
2026-09-16,3891109,1.95,1.95,1,-20% dès 2,
2026-09-16,4007303,1.60,1.60,1,-20% dès 2,
2026-09-16,4094888,2.95,2.95,1,"2,9.- par 3",
2026-09-16,4101447,1.10,1.10,1,-20% dès 2,
2026-09-16,4162142,3.50,3.50,1,-20% dès 2,
2026-09-16,4354025,5.50,5.50,1,-20% dès 2,
2026-09-16,4412757,3.70,3.70,1,-20% dès 2,
2026-09-16,4432902,24.95,24.95,1,-20% dès 2,
2026-09-16,4484303,4.95,4.95,1,-30% dès 2,
2026-09-16,4484308,5.95,5.95,1,-30% dès 2,
2026-09-16,4484350,4.95,4.95,1,-30% dès 2,
2026-09-16,4484354,4.95,4.95,1,-30% dès 2,
2026-09-16,4484355,5.95,5.95,1,-30% dès 2,
2026-09-16,4639052,5.50,5.50,1,-20% dès 2,
2026-09-16,4678950,6.95,6.95,1,-20% dès 2,
2026-09-16,4897413,5.50,5.50,1,-20% dès 2,
2026-09-16,4960277,5.95,5.95,1,-30% dès 3,
2026-09-16,5689578,5.65,5.65,1,-20% dès 2,
2026-09-16,5730507,2.95,2.95,1,"2,9.- par 3",
2026-09-16,5732293,4.95,4.95,1,-30% dès 2,
2026-09-16,5777710,3.95,3.95,1,-20% dès 2,
2026-09-16,5779208,4.50,4.50,1,-20% dès 2,
2026-09-16,5875669,6.95,6.95,1,-20% dès 2,
2026-09-16,5886691,3.30,3.30,1,-20% dès 2,
2026-09-16,5924458,1.60,1.60,1,-20% dès 2,
2026-09-16,5968107,4.20,4.20,1,-30% dès 2,
2026-09-16,5974482,3.60,3.60,1,-20% dès 2,
2026-09-16,5974512,4.50,4.50,1,-20% dès 2,
2026-09-16,5974520,3.80,3.80,1,-20% dès 2,
2026-09-16,5974603,3.60,3.60,1,-20% dès 2,
2026-09-16,5975192,3.95,3.95,1,-20% dès 2,
2026-09-16,5976026,5.50,5.50,1,-20% dès 2,
2026-09-16,5976029,3.95,3.95,1,-20% dès 2,
2026-09-16,6012228,3.20,3.20,1,-20% dès 2,
2026-09-16,6053093,6.95,6.95,1,-20% dès 2,
2026-09-16,6056554,6.95,6.95,1,-20% dès 2,
2026-09-16,6088409,3.20,3.20,1,-20% dès 2,
2026-09-16,6105092,2.95,2.95,1,-20% dès 2,
2026-09-16,6125888,8.75,8.75,1,-20% dès 2,
2026-09-16,6130168,3.20,3.20,1,-20% dès 2,
2026-09-16,6135105,4.50,4.50,1,-20% dès 2,
2026-09-16,6304642,3.20,3.20,1,-20% dès 2,
2026-09-16,6311647,3.60,3.60,1,-20% dès 2,
2026-09-16,6323667,3.60,3.60,1,-20% dès 2,
2026-09-16,6326662,5.50,5.50,1,-20% dès 2,
2026-09-16,6341459,11.95,11.95,1,-20% dès 2,
2026-09-16,6371971,2.70,2.70,1,-20% dès 2,
2026-09-16,6377058,5.80,5.80,1,-20% dès 2,
2026-09-16,6377151,6.95,6.95,1,-20% dès 2,
2026-09-16,6377153,4.95,4.95,1,-20% dès 2,
2026-09-16,6377155,3.50,3.50,1,-20% dès 2,
2026-09-16,6378627,3.95,3.95,1,-20% dès 2,
2026-09-16,6380041,4.95,4.95,1,20x Superpoints,
2026-09-16,6380047,4.95,4.95,1,20x Superpoints,
2026-09-16,6435702,3.40,3.40,1,-20% dès 2,
2026-09-16,6435704,3.50,3.50,1,-20% dès 2,
2026-09-16,6465828,5.95,5.95,1,-30% dès 2,
2026-09-16,6520172,6.95,6.95,1,-20% dès 2,
2026-09-16,6520174,4.95,4.95,1,-20% dès 2,
2026-09-16,6521581,2.95,2.95,1,-20% dès 2,
2026-09-16,6521582,4.20,4.20,1,-20% dès 2,
2026-09-16,4920212,4.45,8.95,1,-50%,
2026-09-16,5999678,13.20,26.40,1,-50%,
2026-09-16,4318140,14.95,28.75,1,-48%,
2026-09-16,6627701,10.50,18.60,1,-43%,
2026-09-16,7573582,11.80,20.85,1,-43%,
2026-09-16,6376891,15.95,27.35,1,-41%,
2026-09-16,5824490,11.85,19.75,1,-40%,
2026-09-16,5866033,17.90,29.85,1,-40%,
2026-09-16,6876577,19.95,31.50,1,-36%,
2026-09-16,4374460,29.90,46.00,1,-35%,
2026-09-16,3020325,5.10,7.80,1,-34%,
2026-09-16,3010290,19.00,28.50,1,-33%,
2026-09-16,3381690,11.90,17.85,1,-33%,
2026-09-16,4109054,13.90,20.85,1,-33%,
2026-09-16,4786998,8.40,12.60,1,-33%,
2026-09-16,6481937,9.90,14.85,1,-33%,
2026-09-16,6644874,16.95,25.45,1,-33%,
2026-09-16,7117461,5.90,8.85,1,-33%,
2026-09-16,7299030,7.90,11.85,1,-33%,
2026-09-16,5618170,9.95,14.20,1,-29%,
2026-09-16,5817160,16.50,22.00,1,-25%,
2026-09-16,5818531,16.50,22.00,1,-25%,
2026-09-16,7189515,8.90,11.90,1,-25%,
2026-09-16,7189517,8.90,11.90,1,-25%,
2026-09-16,3414129,12.95,16.80,1,-22%,
2026-09-16,7513801,11.95,15.50,1,-22%,
2026-09-16,3010368,5.55,6.95,1,Online 20%,
2026-09-16,3414016,11.95,15.00,1,-20%,
2026-09-16,3414017,11.95,15.00,1,-20%,
2026-09-16,3414018,11.95,15.00,1,-20%,
2026-09-16,3928522,6.30,7.90,1,-20%,
2026-09-16,7452394,4.45,4.95,1,-10.0%,
2026-09-16,7517040,3.55,3.95,1,-10.0%,
2026-09-16,7521476,3.55,3.95,1,-10.0%,
2026-09-16,7533578,4.05,4.50,1,-10.0%,
2026-09-16,7541729,3.55,3.95,1,-10.0%,
2026-09-16,7548527,4.05,4.50,1,-10.0%,
2026-09-16,7549247,9.85,10.95,1,-10.0%,
2026-09-16,7553010,4.45,4.95,1,-10.0%,
2026-09-16,7554554,3.55,3.95,1,-10.0%,
2026-09-16,7567588,4.45,4.95,1,-10.0%,
2026-09-16,7571950,4.45,4.95,1,-10.0%,
2026-09-16,7572724,7.15,7.95,1,-10.0%,
2026-09-16,7573583,6.25,6.95,1,-10.0%,
2026-09-16,7573584,6.25,6.95,1,-10.0%,
2026-09-16,7573585,6.25,6.95,1,-10.0%,
2026-09-16,7577325,7.15,7.95,1,-10.0%,
2026-09-16,7577326,8.05,8.95,1,-10.0%,
2026-09-16,7541757,10.75,11.95,1,-10.0%,
2026-09-16,3381473,6.95,6.95,1,-20% dès 2,
2026-09-16,3381686,4.95,4.95,1,-20% dès 2,
2026-09-16,3381715,3.95,3.95,1,-20% dès 2,
2026-09-16,3381717,3.95,3.95,1,-20% dès 2,
2026-09-16,3395731,11.40,11.40,1,-20% dès 2,
2026-09-16,3517021,13.50,13.50,1,-20% dès 2,
2026-09-16,3517022,13.50,13.50,1,-20% dès 2,
2026-09-16,3517101,13.50,13.50,1,-20% dès 2,
2026-09-16,3518032,11.95,11.95,1,-20% dès 2,
2026-09-16,3518033,12.60,12.60,1,-20% dès 2,
2026-09-16,3518034,11.95,11.95,1,-20% dès 2,
2026-09-16,3518036,11.95,11.95,1,-20% dès 2,
2026-09-16,3518037,11.95,11.95,1,-20% dès 2,
2026-09-16,3518038,12.50,12.50,1,-20% dès 2,
2026-09-16,3518079,11.95,11.95,1,-20% dès 2,
2026-09-16,3531548,9.80,9.80,1,-20% dès 2,
2026-09-16,3638135,13.50,13.50,1,-20% dès 2,
2026-09-16,3700131,13.50,13.50,1,-20% dès 2,
2026-09-16,3817705,10.90,10.90,1,-20% dès 2,
2026-09-16,3817762,10.90,10.90,1,-20% dès 2,
2026-09-16,3849006,3.20,3.20,1,-20% dès 2,
2026-09-16,4267301,3.95,3.95,1,-20% dès 2,
2026-09-16,4861763,2.95,2.95,1,-20% dès 2,
2026-09-16,4920123,8.80,8.80,1,-50% dès 2,
2026-09-16,5948863,6.95,6.95,1,-20% dès 2,
2026-09-16,6100688,9.50,9.50,1,20x Superpoints,
2026-09-16,6100689,9.50,9.50,1,20x Superpoints,
2026-09-16,6100868,3.25,3.25,1,-20% dès 2,
2026-09-16,6100870,3.25,3.25,1,-20% dès 2,
2026-09-16,6100991,3.25,3.25,1,-20% dès 2,
2026-09-16,6100996,3.25,3.25,1,-20% dès 2,
2026-09-16,6120395,10.50,10.50,1,-20% dès 2,
2026-09-16,6328306,4.95,4.95,1,20x Superpoints,
2026-09-16,6355856,6.95,6.95,1,-20% dès 2,
2026-09-16,6481850,6.30,6.30,1,-21% dès 2,
2026-09-16,6481938,5.60,5.60,1,-21% dès 2,
2026-09-16,6539311,12.95,12.95,1,-20% dès 2,
2026-09-16,6539360,12.95,12.95,1,-20% dès 2,
2026-09-16,6550177,8.95,8.95,1,-20% dès 2,
2026-09-16,6585301,2.80,2.80,1,-20% dès 2,
2026-09-16,6604519,6.80,6.80,1,-50% dès 2,
2026-09-16,6644528,4.95,4.95,1,-20% dès 2,
2026-09-16,6649821,5.40,5.40,1,-21% dès 2,
2026-09-16,6692089,11.95,11.95,1,-20% dès 2,
2026-09-16,6700330,8.95,8.95,1,-20% dès 2,
2026-09-16,6867889,11.95,11.95,1,-20% dès 2,
2026-09-16,6977090,4.35,4.35,1,-33% dès 2,
2026-09-16,6977097,4.40,4.40,1,-33% dès 2,
2026-09-16,6977099,5.20,5.20,1,-33% dès 2,
2026-09-16,7067204,5.95,5.95,1,-50% dès 2,
2026-09-16,7072012,6.95,6.95,1,20x Superpoints,
2026-09-16,7072045,7.95,7.95,1,20x Superpoints,
2026-09-16,7092246,8.95,8.95,1,-20% dès 2,
2026-09-16,7092304,8.95,8.95,1,-20% dès 2,
2026-09-16,7092309,12.95,12.95,1,-20% dès 2,
2026-09-16,7092310,11.95,11.95,1,-20% dès 2,
2026-09-16,7115281,6.80,6.80,1,-21% dès 2,
2026-09-16,7185578,13.95,13.95,1,-20% dès 2,
2026-09-16,7205821,14.95,14.95,1,-20% dès 2,
2026-09-16,7232906,12.95,12.95,1,-20% dès 2,
2026-09-16,7253714,2.40,2.40,1,-20% dès 2,
2026-09-16,7253715,2.40,2.40,1,-20% dès 2,
2026-09-16,7253716,2.40,2.40,1,-20% dès 2,
2026-09-16,7290127,6.95,6.95,1,20x Superpoints,
2026-09-16,7327814,5.95,5.95,1,20x Superpoints,
2026-09-16,7369958,12.95,12.95,1,-20% dès 2,
2026-09-16,7370963,8.95,8.95,1,-20% dès 2,
2026-09-16,7383558,4.95,4.95,1,-20% dès 2,
2026-09-16,7383909,4.95,4.95,1,-20% dès 2,
2026-09-16,7398542,2.50,2.50,1,-20% dès 2,
2026-09-16,7398543,2.50,2.50,1,-20% dès 2,
2026-09-16,7398544,2.50,2.50,1,-20% dès 2,
2026-09-16,7485512,3.95,3.95,1,20x Superpoints,
2026-09-16,7487074,5.95,5.95,1,20x Superpoints,
2026-09-16,7487075,5.95,5.95,1,20x Superpoints,
2026-09-16,7487078,5.95,5.95,1,20x Superpoints,
2026-09-16,7487080,5.95,5.95,1,20x Superpoints,
2026-09-16,7487271,5.95,5.95,1,20x Superpoints,
2026-09-16,7487273,5.95,5.95,1,20x Superpoints,
2026-09-16,7487274,5.95,5.95,1,20x Superpoints,
2026-09-16,7489652,12.95,12.95,1,-20% dès 2,
2026-09-16,7489654,11.95,11.95,1,-20% dès 2,
2026-09-16,7491411,5.95,5.95,1,20x Superpoints,
2026-09-16,7512350,2.50,2.50,1,-20% dès 2,
2026-09-16,7512372,2.50,2.50,1,-20% dès 2,
2026-09-16,7513304,3.95,3.95,1,20x Superpoints,
2026-09-16,7516335,5.95,5.95,1,20x Superpoints,
2026-09-16,7516336,6.50,6.50,1,20x Superpoints,
2026-09-16,7516338,9.50,9.50,1,20x Superpoints,
2026-09-16,3050530,7.80,15.60,1,-50%,
2026-09-16,3735669,16.80,33.60,1,-50%,
2026-09-16,3822147,7.80,15.60,1,-50%,
2026-09-16,3887268,16.20,32.40,1,-50%,
2026-09-16,6707522,21.90,43.80,1,-50%,
2026-09-16,6714917,27.00,54.00,1,-50%,
2026-09-16,6714919,27.00,54.00,1,-50%,
2026-09-16,3348504,16.95,29.80,1,-43%,
2026-09-16,3714253,17.95,31.80,1,-43%,
2026-09-16,6622569,25.95,45.60,1,-43%,
2026-09-16,5892348,3.30,5.70,1,-42%,
2026-09-16,5918440,12.70,21.90,1,Online 42%,
2026-09-16,5920012,12.70,21.90,1,Online 42%,
2026-09-16,5920016,12.70,21.90,1,Online 42%,
2026-09-16,5920018,12.70,21.90,1,Online 42%,
2026-09-16,7533663,7.30,12.60,1,-42%,
2026-09-16,7533665,7.30,12.60,1,-42%,
2026-09-16,6584364,6.95,11.95,1,-41%,
2026-09-16,6584367,6.95,11.95,1,-41%,
2026-09-16,7163489,13.25,22.80,1,-41%,
2026-09-16,7163741,13.25,22.80,1,-41%,
2026-09-16,4326028,17.95,29.95,1,-40%,
2026-09-16,6814879,28.60,47.80,1,-40%,
2026-09-16,7247340,27.60,46.00,1,-40%,
2026-09-16,7254904,23.85,39.80,1,-40%,
2026-09-16,7579897,22.95,38.40,1,-40%,
2026-09-16,7579898,22.95,38.40,1,-40%,
2026-09-16,6540551,26.95,44.40,1,-39%,
2026-09-16,7523005,7.95,12.95,1,-38%,
2026-09-16,6119885,17.95,28.65,1,-37%,
2026-09-16,6569993,29.95,47.80,1,-37%,
2026-09-16,6618195,29.95,46.80,1,-36%,
2026-09-16,7111708,6.80,10.50,1,-35%,
2026-09-16,7339027,8.55,13.20,1,-35%,
2026-09-16,7368734,10.05,15.50,1,-35%,
2026-09-16,7497182,4.15,6.40,1,-35%,
2026-09-16,3050520,4.95,7.50,1,-34%,
2026-09-16,7389035,28.95,44.25,1,-34%,
2026-09-16,3032152,25.90,38.85,1,-33%,
2026-09-16,3032378,25.90,38.85,1,-33%,
2026-09-16,3358840,9.95,14.95,1,-33%,
2026-09-16,3358841,9.95,14.95,1,-33%,
2026-09-16,3358842,9.95,14.95,1,-33%,
2026-09-16,6116940,17.50,26.25,1,-33%,
2026-09-16,7251023,17.50,26.25,1,-33%,
2026-09-16,7256011,9.95,14.95,1,-33%,
2026-09-16,7398992,4.40,6.60,1,-33%,
2026-09-16,7399007,4.40,6.60,1,-33%,
2026-09-16,7521915,18.95,27.90,1,-32%,
2026-09-16,5817153,28.95,42.00,1,-31%,
2026-09-16,7556709,12.95,18.80,1,-31%,
2026-09-16,6877243,14.95,21.50,1,-30%,
2026-09-16,4845508,9.95,13.95,1,-28%,
2026-09-16,3583055,5.95,8.25,1,-27%,
2026-09-16,7176708,5.10,6.80,1,-25%,
2026-09-16,7266872,5.10,6.80,1,-25%,
2026-09-16,7400250,5.10,6.80,1,-25%,
2026-09-16,7473421,5.10,6.80,1,-25%,
2026-09-16,6295138,7.65,9.90,1,-22%,
2026-09-16,7025919,3.50,4.50,1,-22%,
2026-09-16,7025920,3.50,4.50,1,-22%,
2026-09-16,7026021,3.50,4.50,1,-22%,
2026-09-16,7026024,3.50,4.50,1,-22%,
2026-09-16,7026026,3.50,4.50,1,-22%,
2026-09-16,7026028,3.50,4.50,1,-22%,
2026-09-16,7476506,15.95,20.70,1,-22%,
2026-09-16,3051431,7.00,8.80,1,Online 20%,
2026-09-16,4624565,7.65,9.60,1,Online 20%,
2026-09-16,4624616,13.40,16.80,1,Online 20%,
2026-09-16,4936882,1.40,1.75,1,Online 20%,
2026-09-16,4937204,7.20,9.00,1,Online 20%,
2026-09-16,5694054,7.20,9.00,1,Online 20%,
2026-09-16,5926515,7.90,9.90,1,Online 20%,
2026-09-16,6080768,4.60,5.80,1,Online 20%,
2026-09-16,6081731,4.60,5.80,1,Online 20%,
2026-09-16,6081830,4.60,5.80,1,Online 20%,
2026-09-16,6081871,6.30,7.90,1,Online 20%,
2026-09-16,6082211,6.30,7.90,1,Online 20%,
2026-09-16,6082212,7.90,9.90,1,-20%,
2026-09-16,6086628,4.75,5.95,1,-20%,
2026-09-16,6107046,7.40,9.25,1,Online 20%,
2026-09-16,6107048,12.95,16.20,1,Online 20%,
2026-09-16,6295251,12.95,16.20,1,-20%,
2026-09-16,6326091,7.15,8.95,1,-20%,
2026-09-16,6328797,7.20,9.00,1,Online 20%,
2026-09-16,6696969,4.75,5.95,1,-20%,
2026-09-16,6742725,7.00,8.80,1,Online 20%,
2026-09-16,7090026,18.35,22.95,1,Online 20%,
2026-09-16,7096336,6.30,7.90,1,Online 20%,
2026-09-16,7114742,7.90,9.90,1,Online 20%,
2026-09-16,7114743,7.90,9.90,1,Online 20%,
2026-09-16,7347122,12.60,15.80,1,Online 20%,
2026-09-16,7347123,14.35,17.95,1,Online 20%,
2026-09-16,7347124,11.15,13.95,1,Online 20%,
2026-09-16,7347125,9.40,11.80,1,Online 20%,
2026-09-16,7371630,7.20,9.00,1,Online 20%,
2026-09-16,7428505,7.15,8.95,1,Online 20%,
2026-09-16,7504958,15.10,18.90,1,Online 20%,
2026-09-16,7522401,8.40,10.60,1,Online 20%,
2026-09-16,7533676,7.90,9.90,1,Online 20%,
2026-09-16,7137608,8.95,10.95,1,-18%,
2026-09-16,7137641,8.95,10.95,1,-18%,
2026-09-16,7582376,5.60,6.40,1,-12.0%,
2026-09-16,7512934,2.65,2.95,1,-10.0%,
2026-09-16,7544839,8.95,9.95,1,-10.0%,
2026-09-16,7545778,11.65,12.95,1,-10.0%,
2026-09-16,7573028,3.50,3.90,1,-10.0%,
2026-09-16,7574809,3.05,3.40,1,-10.0%,
2026-09-16,7574810,3.05,3.40,1,-10.0%,
2026-09-16,7574931,3.05,3.40,1,-10.0%,
2026-09-16,7574935,3.05,3.40,1,-10.0%,
2026-09-16,7574936,3.05,3.40,1,-10.0%,
2026-09-16,7574937,3.50,3.90,1,-10.0%,
2026-09-16,5883182,19.95,21.95,1,-9.0%,
2026-09-16,5883184,19.95,21.95,1,-9.0%,
2026-09-16,7225071,19.95,21.95,1,-9.0%,
2026-09-16,7553121,18.95,19.95,1,Online,
2026-09-16,3030916,5.95,5.95,1,-20% dès 2,
2026-09-16,3032604,4.20,4.20,1,-30% dès 2,
2026-09-16,3050172,6.40,6.40,1,-50% dès 2,
2026-09-16,3050173,6.40,6.40,1,-50% dès 2,
2026-09-16,3050342,9.30,9.30,1,-30% dès 2,
2026-09-16,3050537,5.60,5.60,1,-50% dès 2,
2026-09-16,3050851,6.90,6.90,1,-43% dès 2,
2026-09-16,3374743,14.35,14.35,1,-30% dès 2,
2026-09-16,3374915,14.35,14.35,1,-30% dès 2,
2026-09-16,3463927,8.50,8.50,1,-20% dès 2,
2026-09-16,3465973,6.30,6.30,1,-50% dès 2,
2026-09-16,3475861,4.95,4.95,1,-50% dès 2,
2026-09-16,3519294,6.50,6.50,1,-30% dès 2,
2026-09-16,3584518,6.40,6.40,1,-50% dès 2,
2026-09-16,3604035,6.50,6.50,1,-30% dès 2,
2026-09-16,3604137,9.30,9.30,1,-30% dès 2,
2026-09-16,3616052,7.95,7.95,1,-30% dès 2,
2026-09-16,3822054,8.70,8.70,1,-30% dès 2,
2026-09-16,4294038,6.90,6.90,1,-43% dès 2,
2026-09-16,4310462,4.95,4.95,1,-25% dès 2,
2026-09-16,4310463,4.95,4.95,1,-25% dès 2,
2026-09-16,4725110,4.95,4.95,1,-25% dès 2,
2026-09-16,4746013,9.30,9.30,1,-30% dès 2,
2026-09-16,4746039,10.95,10.95,1,-43% dès 2,
2026-09-16,4793937,4.95,4.95,1,-50% dès 2,
2026-09-16,4837515,13.95,13.95,1,-30% dès 2,
2026-09-16,4837517,13.95,13.95,1,-30% dès 2,
2026-09-16,4881520,6.95,6.95,1,-25% dès 2,
2026-09-16,4946135,13.95,13.95,1,-30% dès 2,
2026-09-16,5615941,3.60,3.60,1,-25% dès 2,
2026-09-16,5615942,3.60,3.60,1,-25% dès 2,
2026-09-16,5621772,11.80,11.80,1,-25% dès 2,
2026-09-16,5741897,13.95,13.95,1,-30% dès 2,
2026-09-16,5827501,4.95,4.95,1,-25% dès 2,
2026-09-16,5827502,4.95,4.95,1,-25% dès 2,
2026-09-16,5831261,6.60,6.60,1,-25% dès 2,
2026-09-16,5831262,6.60,6.60,1,-25% dès 2,
2026-09-16,5831300,6.60,6.60,1,-25% dès 2,
2026-09-16,5831388,6.60,6.60,1,-25% dès 2,
2026-09-16,5831613,6.60,6.60,1,-25% dès 2,
2026-09-16,5935466,8.95,8.95,1,-30% dès 2,
2026-09-16,6029422,8.95,8.95,1,-30% dès 2,
2026-09-16,6091070,13.95,13.95,1,-30% dès 2,
2026-09-16,6091356,13.60,13.60,1,-30% dès 2,
2026-09-16,6092484,9.95,9.95,1,-25% dès 2,
2026-09-16,6098578,14.95,14.95,1,-30% dès 2,
2026-09-16,6098579,14.95,14.95,1,-30% dès 2,
2026-09-16,6098580,14.95,14.95,1,-30% dès 2,
2026-09-16,6098661,8.95,8.95,1,-30% dès 2,
2026-09-16,6098663,13.50,13.50,1,-30% dès 2,
2026-09-16,6098666,13.50,13.50,1,-30% dès 2,
2026-09-16,6098670,13.50,13.50,1,-30% dès 2,
2026-09-16,6152247,5.25,5.25,1,-30% dès 2,
2026-09-16,6243027,4.95,4.95,1,-20% dès 2,
2026-09-16,6298115,14.50,14.50,1,-30% dès 2,
2026-09-16,6328013,5.50,5.50,1,-30% dès 2,
2026-09-16,6328017,5.50,5.50,1,-30% dès 2,
2026-09-16,6335483,12.95,12.95,1,-25% dès 2,
2026-09-16,6335724,12.95,12.95,1,-25% dès 2,
2026-09-16,6335872,13.95,13.95,1,-25% dès 2,
2026-09-16,6363779,3.60,3.60,1,Online 40% dès 3,
2026-09-16,6376035,6.60,6.60,1,-25% dès 2,
2026-09-16,6432859,3.20,3.20,1,-20% dès 2,
2026-09-16,6433071,3.20,3.20,1,-20% dès 2,
2026-09-16,6497068,7.50,7.50,1,-25% dès 2,
2026-09-16,6506971,13.95,13.95,1,-25% dès 2,
2026-09-16,6520626,3.60,3.60,1,Online 40% dès 3,
2026-09-16,6520627,3.60,3.60,1,Online 40% dès 3,
2026-09-16,6561334,11.80,11.80,1,-25% dès 2,
2026-09-16,6565520,10.40,10.40,1,-36% dès 6,
2026-09-16,6568136,3.60,3.60,1,-25% dès 2,
2026-09-16,6644679,6.60,6.60,1,-25% dès 2,
2026-09-16,6644680,6.60,6.60,1,-25% dès 2,
2026-09-16,6699008,9.95,9.95,1,-25% dès 2,
2026-09-16,6711902,19.95,19.95,1,-30% dès 2,
2026-09-16,6711958,19.95,19.95,1,-30% dès 2,
2026-09-16,6715796,8.85,8.85,1,"15,3.- par 15",
2026-09-16,6782326,19.95,19.95,1,-30% dès 2,
2026-09-16,6782327,19.95,19.95,1,-30% dès 2,
2026-09-16,6849262,6.60,6.60,1,-25% dès 2,
2026-09-16,6849263,6.60,6.60,1,-25% dès 2,
2026-09-16,6861349,13.95,13.95,1,-30% dès 2,
2026-09-16,6867756,10.95,10.95,1,-25% dès 2,
2026-09-16,6876506,13.95,13.95,1,-25% dès 2,
2026-09-16,7025912,6.80,6.80,1,-25% dès 2,
2026-09-16,7044999,9.95,9.95,1,-20% dès 2,
2026-09-16,7047644,6.60,6.60,1,-25% dès 2,
2026-09-16,7055317,11.95,11.95,1,-25% dès 2,
2026-09-16,7107404,11.80,11.80,1,-25% dès 2,
2026-09-16,7114344,9.95,9.95,1,-25% dès 2,
2026-09-16,7115662,2.95,2.95,1,20x Superpoints,
2026-09-16,7129020,19.95,19.95,1,-30% dès 2,
2026-09-16,7139567,7.80,7.80,1,-30% dès 2,
2026-09-16,7139568,7.80,7.80,1,-30% dès 2,
2026-09-16,7139569,7.80,7.80,1,-30% dès 2,
2026-09-16,7151989,3.50,3.50,1,-20% dès 2,
2026-09-16,7151990,3.50,3.50,1,-20% dès 2,
2026-09-16,7152101,3.50,3.50,1,-20% dès 2,
2026-09-16,7152102,6.95,6.95,1,-20% dès 2,
2026-09-16,7152103,6.95,6.95,1,-20% dès 2,
2026-09-16,7152105,3.50,3.50,1,-20% dès 2,
2026-09-16,7152376,13.95,13.95,1,-30% dès 2,
2026-09-16,7159878,6.60,6.60,1,-25% dès 2,
2026-09-16,7205807,2.95,2.95,1,-25% dès 2,
2026-09-16,7228555,9.95,9.95,1,-50% dès 2,
2026-09-16,7228557,9.95,9.95,1,-50% dès 2,
2026-09-16,7240979,12.95,12.95,1,-25% dès 2,
2026-09-16,7249581,5.50,5.50,1,-30% dès 2,
2026-09-16,7258316,3.50,3.50,1,-20% dès 2,
2026-09-16,7260378,3.20,3.20,1,-30% dès 2,
2026-09-16,7260448,3.20,3.20,1,-30% dès 2,
2026-09-16,7260469,3.20,3.20,1,-30% dès 2,
2026-09-16,7260582,3.20,3.20,1,-30% dès 2,
2026-09-16,7260584,3.20,3.20,1,-30% dès 2,
2026-09-16,7260762,3.20,3.20,1,-30% dès 2,
2026-09-16,7260764,3.20,3.20,1,-30% dès 2,
2026-09-16,7261691,4.95,4.95,1,-50% dès 2,
2026-09-16,7268205,14.35,14.35,1,-30% dès 2,
2026-09-16,7478550,9.45,9.45,0,,
2026-09-16,7205944,7.50,7.50,0,,
2026-09-16,3510782,15.80,15.80,0,,
2026-09-16,6644873,16.95,16.95,0,,
2026-09-16,7516488,8.30,8.30,0,,
2026-09-16,5769190,8.45,8.45,0,,
2026-09-16,7247020,7.80,7.80,0,,
2026-09-16,6769644,11.95,11.95,0,,
2026-09-16,3560346,11.20,11.20,0,,
2026-09-16,3066692,10.05,10.05,0,,
2026-09-16,3699645,12.00,12.00,0,,
2026-09-16,3066950,14.40,14.40,0,,
2026-09-16,3064218,12.30,12.30,0,,
2026-09-16,7355882,4.65,4.65,0,,
2026-09-16,7205941,6.00,6.00,0,,
2026-09-16,7320436,18.50,18.50,0,,
2026-09-16,7320434,13.95,13.95,0,,
2026-09-16,7209442,12.50,12.50,0,,
2026-09-16,3066677,5.30,5.30,0,,
2026-09-16,7346367,7.35,7.35,0,,
2026-09-16,4009751,14.25,14.25,0,,
2026-09-16,7500300,6.20,6.20,0,,
2026-09-16,4353553,7.65,7.65,0,,
2026-09-16,6315829,9.05,9.05,0,,
2026-09-16,3066951,10.10,10.10,0,,
2026-09-16,3064228,6.90,6.90,0,,
2026-09-16,5727773,7.80,7.80,0,,
2026-09-16,7332580,9.95,9.95,0,,
2026-09-16,7370290,7.80,7.80,0,,
2026-09-16,3061418,9.75,9.75,0,,
2026-09-16,7369961,12.45,12.45,0,,
2026-09-16,7369778,8.80,8.80,0,,
2026-09-16,7550055,6.65,6.65,0,,
2026-09-16,7369779,6.75,6.75,0,,
2026-09-16,7462819,8.85,8.85,0,,
2026-09-16,7210452,1.30,1.30,0,,
2026-09-16,7401646,1.35,1.35,0,,
2026-09-16,4304360,3.70,3.70,0,,
2026-09-16,3950233,1.95,1.95,0,,
2026-09-16,4304359,1.95,1.95,0,,
2026-09-16,5797889,2.70,2.70,0,,
2026-09-16,4767056,2.70,2.70,0,,
2026-09-16,6665458,3.50,3.50,0,,
2026-09-16,3870795,3.80,3.80,0,,
2026-09-16,6965931,3.80,3.80,0,,
2026-09-16,6974102,8.00,8.00,0,,
2026-09-16,3493135,8.00,8.00,0,,
2026-09-16,6877452,3.95,3.95,0,,
2026-09-16,3567257,6.95,6.95,0,,
2026-09-16,4655211,8.95,8.95,0,,
2026-09-16,6432635,6.40,6.40,0,,
2026-09-16,7177864,6.60,6.60,1,-20% dès 2,
2026-09-16,7177862,6.60,6.60,1,-20% dès 2,
2026-09-16,6702734,13.45,13.45,0,,
2026-09-16,3642387,7.50,7.50,0,,
2026-09-16,6876513,6.15,6.15,0,,
2026-09-16,6466914,5.95,5.95,0,,
2026-09-16,6605285,7.50,7.50,0,,
2026-09-16,4936834,5.90,5.90,0,,
2026-09-16,7323959,9.95,9.95,0,,
2026-09-16,6875495,13.10,13.10,0,,
2026-09-16,6875414,10.70,10.70,0,,
2026-09-16,6876499,7.50,7.50,0,,
2026-09-16,4041728,13.95,13.95,0,,
2026-09-16,4411747,14.95,14.95,0,,
2026-09-16,6876492,16.40,16.40,0,,
2026-09-16,6875419,10.40,10.40,0,,
2026-09-16,6292595,10.85,10.85,0,,
2026-09-16,7172168,13.95,13.95,0,,
2026-09-16,6859595,4.95,4.95,0,,
2026-09-16,7113939,4.20,4.20,0,,
2026-09-16,7510474,4.20,4.20,0,,
2026-09-16,3080143,4.30,4.30,0,,
2026-09-16,7221718,4.80,4.80,0,,
2026-09-16,7539677,3.30,3.30,0,,
2026-09-16,6721302,5.50,5.50,0,,
2026-09-16,3407653,6.30,6.30,0,,
2026-09-16,3080069,3.95,3.95,0,,
2026-09-16,6844330,4.20,4.20,0,,
2026-09-16,6844443,4.20,4.20,0,,
2026-09-16,7539675,4.30,4.30,0,,
2026-09-16,3080733,2.95,2.95,0,,
2026-09-16,6843721,4.75,4.75,0,,
2026-09-16,6622051,8.20,8.20,0,,
2026-09-16,3080191,3.30,3.30,0,,
2026-09-16,3758902,4.95,4.95,0,,
2026-09-16,3407652,5.60,5.60,0,,
2026-09-16,4849796,5.95,5.95,0,,
2026-09-16,7026208,5.95,5.95,0,,
2026-09-16,4133079,6.20,6.20,0,,
2026-09-16,7036700,6.20,6.20,0,,
2026-09-16,4328809,6.20,6.20,0,,
2026-09-16,4133018,4.20,4.20,0,,
2026-09-16,4328841,4.20,4.20,0,,
2026-09-16,4327278,4.20,4.20,0,,
2026-09-16,4328900,6.40,6.40,0,,
2026-09-16,6292849,6.95,6.95,0,,
2026-09-16,7076403,1.70,1.70,0,,
2026-09-16,6850514,1.60,1.60,0,,
2026-09-16,6858301,1.60,1.60,0,,
2026-09-16,6850511,15.60,15.60,0,,
2026-09-16,6828686,15.60,15.60,0,,
2026-09-16,6638289,3.10,3.10,0,,
2026-09-16,6638345,1.80,1.80,0,,
2026-09-16,7191793,1.80,1.80,0,,
2026-09-16,6425072,3.20,3.20,0,,
2026-09-16,6689966,1.85,1.85,0,,
2026-09-16,7191812,1.90,1.90,0,,
2026-09-16,6850174,0.95,0.95,0,,
2026-09-16,3081654,1.90,1.90,0,,
2026-09-16,5753195,1.90,1.90,0,,
2026-09-16,4016202,1.90,1.90,0,,
2026-09-16,4389992,11.70,11.70,0,,
2026-09-16,7191859,2.05,2.05,0,,
2026-09-16,3517038,2.05,2.05,0,,
2026-09-16,3679771,2.05,2.05,0,,
2026-09-16,5846403,2.25,2.25,0,,
2026-09-16,3081332,1.20,1.20,0,,
2026-09-16,7192491,1.35,1.35,0,,
2026-09-16,4407235,1.40,1.40,0,,
2026-09-16,6799520,1.50,1.50,0,,
2026-09-16,6622281,2.35,2.35,0,,
2026-09-16,7396446,3.25,3.25,0,,
2026-09-16,7469346,1.75,1.75,0,,
2026-09-16,4846718,2.05,2.05,0,,
2026-09-16,6568630,1.25,1.25,0,,
2026-09-16,6979595,0.95,0.95,0,,
2026-09-16,4137336,2.20,2.20,0,,
2026-09-16,3543694,1.20,1.20,0,,
2026-09-16,7460515,1.45,1.45,0,,
2026-09-16,6570311,1.50,1.50,0,,
2026-09-16,7341692,0.90,0.90,0,,
2026-09-16,7303100,2.55,2.55,0,,
2026-09-16,7303612,2.60,2.60,0,,
2026-09-16,6665497,1.30,1.30,0,,
2026-09-16,6665585,1.65,1.65,0,,
2026-09-16,6689553,1.80,1.80,0,,
2026-09-16,5678559,1.95,1.95,0,,
2026-09-16,6503724,4.15,4.15,0,,
2026-09-16,6692691,1.50,1.50,0,,
2026-09-16,6536324,2.00,2.00,0,,
2026-09-16,6694074,2.70,2.70,0,,
2026-09-16,7044678,2.80,2.80,0,,
2026-09-16,6529885,2.60,2.60,0,,
2026-09-16,5743203,2.20,2.20,0,,
2026-09-16,6151042,3.00,3.00,0,,
2026-09-16,4102282,2.00,2.00,0,,
2026-09-16,3080799,2.00,2.00,0,,
2026-09-16,6076672,2.00,2.00,0,,
2026-09-16,6671784,2.00,2.00,0,,
2026-09-16,6541373,2.60,2.60,0,,
2026-09-16,4959615,2.60,2.60,0,,
2026-09-16,4959990,2.60,2.60,0,,
2026-09-16,7527060,1.75,1.75,0,,
2026-09-16,7527351,1.75,1.75,0,,
2026-09-16,6407679,4.05,4.05,0,,
2026-09-16,6877763,1.35,1.35,0,,
2026-09-16,6390716,5.90,5.90,0,,
2026-09-16,3081209,3.90,3.90,0,,
2026-09-16,7102954,3.95,3.95,0,,
2026-09-16,7295453,2.20,2.20,0,,
2026-09-16,5777442,2.20,2.20,0,,
2026-09-16,7496219,1.30,1.30,0,,
2026-09-16,7196672,2.45,2.45,0,,
2026-09-16,7245446,2.45,2.45,0,,
2026-09-16,4972598,3.30,3.30,0,,
2026-09-16,6762073,3.40,3.40,0,,
2026-09-16,3642453,3.80,3.80,0,,
2026-09-16,6769933,3.10,3.10,0,,
2026-09-16,3081181,3.50,3.50,0,,
2026-09-16,7316220,3.55,3.55,0,,
2026-09-16,3080192,4.45,4.45,0,,
2026-09-16,7242072,4.10,4.10,0,,
2026-09-16,3081359,4.15,4.15,0,,
2026-09-16,7014412,4.80,4.80,0,,
2026-09-16,3081182,2.20,2.20,0,,
2026-09-16,3081201,4.50,4.50,0,,
2026-09-16,7448681,4.55,4.55,0,,
2026-09-16,3080750,4.60,4.60,0,,
2026-09-16,6548165,3.45,3.45,0,,
2026-09-16,3761178,2.45,2.45,0,,
2026-09-16,3888753,3.70,3.70,0,,
2026-09-16,3081476,4.95,4.95,0,,
2026-09-16,3490843,4.95,4.95,0,,
2026-09-16,3735946,4.95,4.95,0,,
2026-09-16,5691426,5.10,5.10,0,,
2026-09-16,3081260,2.65,2.65,0,,
2026-09-16,3877779,4.25,4.25,0,,
2026-09-16,5860006,5.75,5.75,0,,
2026-09-16,6820368,2.90,2.90,0,,
2026-09-16,6876548,2.25,2.25,0,,
2026-09-16,7235480,0.80,0.80,0,,
2026-09-16,3661250,3.20,3.20,0,,
2026-09-16,6548119,1.20,1.20,0,,
2026-09-16,7518946,1.65,1.65,0,,
2026-09-16,3701168,13.70,13.70,0,,
2026-09-16,7520674,3.60,3.60,0,,
2026-09-16,3080384,5.95,5.95,0,,
2026-09-16,7518947,2.25,2.25,0,,
2026-09-16,7518950,1.95,1.95,0,,
2026-09-16,4053320,4.80,4.80,0,,
2026-09-16,3596710,2.40,2.40,0,,
2026-09-16,6316794,2.95,2.95,0,,
2026-09-16,3081641,5.10,5.10,0,,
2026-09-16,3550775,3.70,3.70,0,,
2026-09-16,6316631,3.10,3.10,0,,
2026-09-16,7369259,4.10,4.10,0,,
2026-09-16,5616811,4.25,4.25,0,,
2026-09-16,7063150,3.80,3.80,0,,
2026-09-16,3559189,4.10,4.10,0,,
2026-09-16,3081653,4.50,4.50,0,,
2026-09-16,3080311,2.95,2.95,0,,
2026-09-16,4122666,4.40,4.40,0,,
2026-09-16,4972591,5.30,5.30,0,,
2026-09-16,3362114,10.45,10.45,0,,
2026-09-16,3080560,4.95,4.95,0,,
2026-09-16,4972425,9.95,9.95,0,,
2026-09-16,4972586,6.15,6.15,0,,
2026-09-16,7027675,5.50,5.50,0,,
2026-09-16,7536579,5.50,5.50,0,,
2026-09-16,7401590,5.50,5.50,0,,
2026-09-16,5802110,2.95,2.95,0,,
2026-09-16,4972594,6.40,6.40,0,,
2026-09-16,5615828,4.00,4.00,0,,
2026-09-16,7170552,2.95,2.95,0,,
2026-09-16,5617939,3.95,3.95,0,,
2026-09-16,3080229,6.75,6.75,0,,
2026-09-16,6413389,3.35,3.35,0,,
2026-09-16,3081444,7.35,7.35,0,,
2026-09-16,4108864,4.65,4.65,0,,
2026-09-16,5807466,7.10,7.10,0,,
2026-09-16,6123129,8.00,8.00,0,,
2026-09-16,7316264,5.95,5.95,0,,
2026-09-16,3409660,8.75,8.75,0,,
2026-09-16,6859737,7.95,7.95,0,,
2026-09-16,7391393,4.50,4.50,0,,
2026-09-16,4957358,4.10,4.10,0,,
2026-09-16,6524490,0.70,0.70,0,,
2026-09-16,6525757,0.70,0.70,0,,
2026-09-16,7381358,1.10,1.10,0,,
2026-09-16,6108172,2.95,2.95,1,-20% dès 2,
2026-09-16,6554390,1.35,1.35,0,,
2026-09-16,6554531,1.80,1.80,0,,
2026-09-16,6714089,12.95,12.95,0,,
2026-09-16,7264649,1.45,1.45,0,,
2026-09-16,7200354,2.95,2.95,0,,
2026-09-16,6554532,3.00,3.00,0,,
2026-09-16,7264638,2.00,2.00,0,,
2026-09-16,4085075,4.60,4.60,0,,
2026-09-16,4085076,4.80,4.80,0,,
2026-09-16,3032209,4.95,4.95,0,,
2026-09-16,7522417,9.95,9.95,0,,
2026-09-16,3030782,5.20,5.20,0,,
2026-09-16,4085071,5.50,5.50,0,,
2026-09-16,4750780,5.95,5.95,0,,
2026-09-16,4741174,6.80,6.80,0,,
2026-09-16,3022861,3.50,3.50,0,,
2026-09-16,4135231,7.80,7.80,0,,
2026-09-16,7231798,3.95,3.95,0,,
2026-09-16,7200373,3.95,3.95,0,,
2026-09-16,3698165,4.95,4.95,0,,
2026-09-16,4060295,5.95,5.95,0,,
2026-09-16,7362486,1.20,1.20,0,,
2026-09-16,7269105,1.20,1.20,0,,
2026-09-16,7269112,1.20,1.20,0,,
2026-09-16,3033241,3.40,3.40,0,,
2026-09-16,6797504,3.95,3.95,0,,
2026-09-16,3032108,2.50,2.50,0,,
2026-09-16,3032602,2.50,2.50,0,,
2026-09-16,7221542,2.50,2.50,0,,
2026-09-16,6328853,2.50,2.50,1,20x Superpoints,
2026-09-16,7336988,2.80,2.80,0,,
2026-09-16,4789939,2.80,2.80,0,,
2026-09-16,3587476,2.95,2.95,0,,
2026-09-16,7125966,2.95,2.95,0,,
2026-09-16,4841790,3.20,3.20,0,,
2026-09-16,6688081,3.70,3.70,0,,
2026-09-16,6502261,4.20,4.20,0,,
2026-09-16,3444702,4.25,4.25,0,,
2026-09-16,4226683,4.95,4.95,0,,
2026-09-16,7512861,1.20,1.20,0,,
2026-09-16,7302187,1.20,1.20,0,,
2026-09-16,3735309,2.30,2.30,0,,
2026-09-16,7512714,3.50,3.50,0,,
2026-09-16,7512848,3.90,3.90,0,,
2026-09-16,3735238,1.40,1.40,0,,
2026-09-16,7512862,2.15,2.15,0,,
2026-09-16,5652468,4.35,4.35,0,,
2026-09-16,4126967,4.35,4.35,0,,
2026-09-16,7512838,2.35,2.35,0,,
2026-09-16,4126961,2.35,2.35,0,,
2026-09-16,4126980,2.45,2.45,0,,
2026-09-16,4126989,3.40,3.40,0,,
2026-09-16,3658655,2.95,2.95,0,,
2026-09-16,7320851,2.95,2.95,0,,
2026-09-16,6652747,3.20,3.20,0,,
2026-09-16,7249597,3.95,3.95,0,,
2026-09-16,3741897,2.50,2.50,0,,
2026-09-16,7506730,1.50,1.50,0,,
2026-09-16,7506277,1.50,1.50,0,,
2026-09-16,7506803,1.50,1.50,0,,
2026-09-16,6768832,6.95,6.95,0,,
2026-09-16,7404904,4.50,4.50,0,,
2026-09-16,7131727,5.95,5.95,0,,
2026-09-16,3021010,4.55,4.55,0,,
2026-09-16,3474354,5.45,5.45,0,,
2026-09-16,3823516,5.60,5.60,0,,
2026-09-16,6962218,3.80,3.80,0,,
2026-09-16,6962219,3.95,3.95,0,,
2026-09-16,3360446,5.95,5.95,0,,
2026-09-16,7562986,5.90,5.90,0,,
2026-09-16,6877241,5.95,5.95,0,,
2026-09-16,7131726,4.95,4.95,0,,
2026-09-16,6629227,5.80,5.80,0,,
2026-09-16,6723241,6.50,6.50,0,,
2026-09-16,7227734,1.10,1.10,0,,
2026-09-16,7002919,4.10,4.10,0,,
2026-09-16,7003231,4.10,4.10,0,,
2026-09-16,7002872,4.20,4.20,0,,
2026-09-16,7002904,4.40,4.40,0,,
2026-09-16,7018541,3.20,3.20,0,,
2026-09-16,7018544,3.20,3.20,0,,
2026-09-16,7018316,3.20,3.20,0,,
2026-09-16,7085455,4.95,4.95,0,,
2026-09-16,7220319,1.80,1.80,0,,
2026-09-16,6241817,2.95,2.95,0,,
2026-09-16,7253802,2.95,2.95,0,,
2026-09-16,7253893,4.95,4.95,0,,
2026-09-16,6377083,2.80,2.80,0,,
2026-09-16,3413837,2.95,2.95,0,,
2026-09-16,6832787,1.40,1.40,0,,
2026-09-16,6495789,2.60,2.60,0,,
2026-09-16,6495669,3.20,3.20,0,,
2026-09-16,6754884,1.95,1.95,0,,
2026-09-16,6300134,3.95,3.95,0,,
2026-09-16,3462288,3.95,3.95,0,,
2026-09-16,7587297,1.40,1.40,0,,
2026-09-16,6495498,1.40,1.40,0,,
2026-09-16,7346504,1.45,1.45,0,,
2026-09-16,7056148,2.30,2.30,0,,
2026-09-16,3090520,2.40,2.40,0,,
2026-09-16,3090545,3.65,3.65,0,,
2026-09-16,7055411,2.45,2.45,0,,
2026-09-16,6495966,3.95,3.95,0,,
2026-09-16,7060984,2.60,2.60,0,,
2026-09-16,7061257,2.60,2.60,0,,
2026-09-16,3627204,3.55,3.55,0,,
2026-09-16,3425371,4.45,4.45,0,,
2026-09-16,7073486,5.20,5.20,0,,
2026-09-16,7241078,2.45,2.45,0,,
2026-09-16,3090895,4.95,4.95,0,,
2026-09-16,3090893,4.95,4.95,0,,
2026-09-16,3090149,4.95,4.95,0,,
2026-09-16,7443262,3.30,3.30,0,,
2026-09-16,6066967,3.95,3.95,0,,
2026-09-16,5683617,4.95,4.95,0,,
2026-09-16,3892322,4.95,4.95,0,,
2026-09-16,7397320,5.95,5.95,0,,
2026-09-16,7536359,5.95,5.95,0,,
2026-09-16,3542161,3.80,3.80,0,,
2026-09-16,7557085,4.95,4.95,0,,
2026-09-16,7457148,4.95,4.95,0,,
2026-09-16,7536358,4.95,4.95,0,,
2026-09-16,6752980,4.95,4.95,0,,
2026-09-16,6136483,5.95,5.95,0,,
2026-09-16,7160275,1.70,1.70,0,,
2026-09-16,7219987,0.90,0.90,0,,
2026-09-16,7044126,1.25,1.25,0,,
2026-09-16,3955468,2.30,2.30,0,,
2026-09-16,4967037,1.90,1.90,0,,
2026-09-16,6661619,1.95,1.95,0,,
2026-09-16,3090903,2.10,2.10,0,,
2026-09-16,7153898,1.95,1.95,0,,
2026-09-16,7204171,3.60,3.60,0,,
2026-09-16,7475087,3.80,3.80,0,,
2026-09-16,6675160,2.70,2.70,0,,
2026-09-16,5821161,4.95,4.95,0,,
2026-09-16,5821163,3.15,3.15,0,,
2026-09-16,6471085,4.25,4.25,0,,
2026-09-16,6492580,0.50,0.50,0,,
2026-09-16,6492579,0.60,0.60,0,,
2026-09-16,7268861,0.85,0.85,0,,
2026-09-16,3020792,2.10,2.10,0,,
2026-09-16,7268830,1.20,1.20,0,,
2026-09-16,3020197,1.40,1.40,0,,
2026-09-16,7066583,2.85,2.85,0,,
2026-09-16,3020196,2.00,2.00,0,,
2026-09-16,3020198,1.50,1.50,0,,
2026-09-16,7161087,1.65,1.65,0,,
2026-09-16,3070014,1.30,1.30,0,,
2026-09-16,6963310,2.40,2.40,1,-20% dès 2,
2026-09-16,6963392,2.40,2.40,1,-20% dès 2,
2026-09-16,6702261,3.15,3.15,0,,
2026-09-16,6553758,1.70,1.70,0,,
2026-09-16,7372155,4.45,4.45,0,,
2026-09-16,4891633,1.20,1.20,0,,
2026-09-16,3031904,2.80,2.80,0,,
2026-09-16,6781122,2.50,2.50,0,,
2026-09-16,7246390,4.95,4.95,0,,
2026-09-16,7290213,7.00,7.00,0,,
2026-09-16,7320981,7.95,7.95,0,,
2026-09-16,7421865,29.95,29.95,1,-30% dès 2,
2026-09-16,7431580,11.95,11.95,1,-30% dès 2,
2026-09-16,5869824,12.50,12.50,0,,
2026-09-16,3366609,12.50,12.50,0,,
2026-09-16,7263080,9.95,9.95,0,,
2026-09-16,4827271,46.00,46.00,0,,
2026-09-16,3711203,11.95,11.95,0,,
2026-09-16,3024013,8.50,8.50,0,,
2026-09-16,7143737,12.95,12.95,0,,
2026-09-16,3742130,18.50,18.50,0,,
2026-09-16,5872143,18.95,18.95,0,,
2026-09-16,4827277,4.95,4.95,0,,
2026-09-16,7143735,12.50,12.50,0,,
2026-09-16,6316789,14.95,14.95,1,20x Superpoints,
2026-09-16,6333817,14.95,14.95,1,20x Superpoints,
2026-09-16,6565187,15.95,15.95,0,,
2026-09-16,3601392,23.95,23.95,0,,
2026-09-16,7246456,16.95,16.95,0,,
2026-09-16,5872191,16.95,16.95,0,,
2026-09-16,4076146,19.95,19.95,0,,
2026-09-16,6033509,21.95,21.95,0,,
2026-09-16,7257451,3.95,3.95,0,,
2026-09-16,7216609,7.50,7.50,0,,
2026-09-16,7216608,7.50,7.50,0,,
2026-09-16,3030860,7.95,7.95,0,,
2026-09-16,6279540,3.95,3.95,0,,
2026-09-16,7475233,5.95,5.95,0,,
2026-09-16,7475234,5.95,5.95,0,,
2026-09-16,7475235,5.95,5.95,0,,
2026-09-16,7051496,5.95,5.95,0,,
2026-09-16,7051495,5.95,5.95,0,,
2026-09-16,7400534,4.95,4.95,0,,
2026-09-16,5735612,2.00,2.00,0,,
2026-09-16,7261477,2.95,2.95,0,,
2026-09-16,6439332,2.95,2.95,0,,
2026-09-16,6439331,3.40,3.40,0,,
2026-09-16,7244748,8.60,8.60,1,-20% dès 2,
2026-09-16,5764006,6.50,6.50,0,,
2026-09-16,7240319,5.20,5.20,0,,
2026-09-16,6101732,5.80,5.80,0,,
2026-09-16,3426896,5.95,5.95,0,,
2026-09-16,6101733,5.95,5.95,0,,
2026-09-18,3090625,2.95,4.50,1,-34%,
2026-09-18,7488162,3.95,5.90,1,-33%,
2026-09-18,3090867,2.40,3.50,1,-31%,
2026-09-18,7176980,4.95,6.95,1,-28%,
2026-09-18,6869105,2.60,3.50,1,-25%,
2026-09-18,3150048,1.75,2.20,1,-20%,
2026-09-18,3673328,2.35,2.95,1,-20%,
2026-09-18,5879235,2.35,2.95,1,-20%,
2026-09-18,6293661,2.35,2.95,1,-20%,
2026-09-18,7190448,2.20,2.75,1,-20%,
2026-09-18,7298303,1.60,2.00,1,-20%,
2026-09-18,7421935,2.35,2.95,1,-20%,
2026-09-18,3090581,3.00,3.00,1,Super Prix,
2026-09-18,7137830,1.00,1.00,1,Super Prix,
2026-09-18,7550760,21.95,31.90,1,-31%,
2026-09-18,4229214,17.00,23.00,1,-26%,
2026-09-18,3081373,1.75,2.35,1,Online 25%,
2026-09-18,5939358,11.90,17.85,1,-33%,
2026-09-18,7539274,9.95,14.00,1,-28%,
2026-09-18,5955163,4.95,4.95,1,"4,95.- par 3",
2026-09-18,6296845,9.95,9.95,1,20x Superpoints,
2026-09-18,6296846,8.95,8.95,1,20x Superpoints,
2026-09-18,6296847,7.50,7.50,1,20x Superpoints,
2026-09-18,6571089,7.95,7.95,1,20x Superpoints,
2026-09-18,6745102,7.05,7.05,1,20x Superpoints,
2026-09-18,6745182,5.95,5.95,1,20x Superpoints,
2026-09-18,6803938,6.10,6.10,1,20x Superpoints,
2026-09-18,7141466,7.50,7.50,1,20x Superpoints,
2026-09-18,7185550,13.95,13.95,1,-20% dès 2,
2026-09-18,7341700,3.95,3.95,1,-33% par 3,
2026-09-18,7351608,8.20,8.20,1,"3,9.- par 2",
2026-09-18,7410448,9.25,9.25,1,20x Superpoints,
2026-09-18,7538729,7.00,7.00,1,7.- par 3,
2026-09-18,7529864,3.55,3.95,1,-10.0%,
2026-09-18,3021010,4.55,4.55,1,-30% dès 2,
2026-09-18,3023436,6.90,6.90,1,-30% dès 2,
2026-09-18,3360446,5.95,5.95,1,-30% dès 2,
2026-09-18,3474354,5.45,5.45,1,-30% dès 2,
2026-09-18,3823516,5.60,5.60,1,-30% dès 2,
2026-09-18,4010866,7.50,7.50,1,-30% dès 2,
2026-09-18,4296700,3.80,3.80,1,-30% dès 2,
2026-09-18,4848822,5.95,5.95,1,-30% dès 2,
2026-09-18,5777498,5.95,5.95,1,-30% dès 2,
2026-09-18,5892883,4.95,4.95,1,-30% dès 2,
2026-09-18,6020123,2.70,2.70,1,-50% dès 2,
2026-09-18,6117087,5.95,5.95,1,-30% dès 2,
2026-09-18,6575244,1.60,1.60,1,-30% dès 2,
2026-09-18,6629227,5.80,5.80,1,-30% dès 2,
2026-09-18,6723241,6.50,6.50,1,-30% dès 2,
2026-09-18,6768832,6.95,6.95,1,-30% dès 2,
2026-09-18,6962218,3.80,3.80,1,-30% dès 2,
2026-09-18,6962219,3.95,3.95,1,-30% dès 2,
2026-09-18,7131726,4.95,4.95,1,-30% dès 2,
2026-09-18,7131727,5.95,5.95,1,-30% dès 2,
2026-09-18,7393679,4.95,4.95,1,-20% dès 2,
2026-09-18,7557817,3.50,3.50,1,-30% dès 2,
2026-09-18,3351462,17.00,25.50,1,-33%,
2026-09-18,6377060,7.10,10.65,1,-33%,
2026-09-18,3021185,3.95,3.95,1,-30% dès 2,
2026-09-18,3021454,3.95,3.95,1,-30% dès 2,
2026-09-18,3021470,3.95,3.95,1,-30% dès 2,
2026-09-18,3021478,2.95,2.95,1,-30% dès 2,
2026-09-18,3021479,2.95,2.95,1,-30% dès 2,
2026-09-18,3022431,3.95,3.95,1,-30% dès 2,
2026-09-18,3022489,2.50,2.50,1,-30% dès 2,
2026-09-18,3022849,2.90,2.90,1,-30% dès 2,
2026-09-18,3022872,1.30,1.30,1,-30% dès 2,
2026-09-18,3022887,3.60,3.60,1,-30% dès 2,
2026-09-18,3023033,3.75,3.75,1,-30% dès 2,
2026-09-18,3023034,2.90,2.90,1,-30% dès 2,
2026-09-18,3023037,1.40,1.40,1,-30% dès 2,
2026-09-18,3023421,1.35,1.35,1,-30% dès 2,
2026-09-18,3421666,3.95,3.95,1,-30% dès 2,
2026-09-18,3421692,4.20,4.20,1,-30% dès 2,
2026-09-18,3474353,4.75,4.75,1,-30% dès 2,
2026-09-18,3659451,4.20,4.20,1,-30% dès 2,
2026-09-18,3660025,3.95,3.95,1,-30% dès 2,
2026-09-18,4025428,4.20,4.20,1,-30% dès 2,
2026-09-18,4030457,2.60,2.60,1,-30% dès 2,
2026-09-18,4030584,3.95,3.95,1,-30% dès 2,
2026-09-18,4134059,2.80,2.80,1,-30% dès 2,
2026-09-18,4880418,3.50,3.50,1,-30% dès 2,
2026-09-18,6521583,7.90,11.85,1,-33%,
2026-09-18,7482685,4.95,6.50,1,-23%,
2026-09-18,5843997,3.95,3.95,1,-30% dès 2,
2026-09-18,5844034,3.50,3.50,1,-30% dès 2,
2026-09-18,5844039,3.95,3.95,1,-30% dès 2,
2026-09-18,5844052,6.95,6.95,1,-30% dès 2,
2026-09-18,6282735,3.95,3.95,1,-30% dès 2,
2026-09-18,6380041,4.95,4.95,1,-20% dès 2,
2026-09-18,6380047,4.95,4.95,1,-20% dès 2,
2026-09-18,6538815,7.50,7.50,1,-25% dès 2,
2026-09-18,6548136,1.95,1.95,1,-20% dès 2,
2026-09-18,6575282,3.95,3.95,1,-30% dès 2,
2026-09-18,6635363,4.95,4.95,1,-20% dès 2,
2026-09-18,6635382,4.95,4.95,1,-20% dès 2,
2026-09-18,6643270,7.50,7.50,1,-20% dès 2,
2026-09-18,6645852,5.95,5.95,1,-20% dès 2,
2026-09-18,6648996,5.50,5.50,1,-20% dès 2,
2026-09-18,6663913,4.95,4.95,1,-20% dès 2,
2026-09-18,6667648,3.80,3.80,1,-30% dès 2,
2026-09-18,6676019,4.30,4.30,1,-20% dès 2,
2026-09-18,6699714,4.20,4.20,1,-30% dès 2,
2026-09-18,6719921,4.95,4.95,1,-20% dès 2,
2026-09-18,6721820,3.50,3.50,1,-30% dès 2,
2026-09-18,6775222,3.95,3.95,1,-30% dès 2,
2026-09-18,6775226,3.95,3.95,1,-30% dès 2,
2026-09-18,6786623,7.35,7.35,1,-25% dès 2,
2026-09-18,7097257,2.95,2.95,1,-20% dès 2,
2026-09-18,7097258,2.95,2.95,1,-20% dès 2,
2026-09-18,7097259,2.95,2.95,1,-20% dès 2,
2026-09-18,7097260,4.95,4.95,1,-20% dès 2,
2026-09-18,7115588,3.50,3.50,1,-30% dès 2,
2026-09-18,7115590,3.50,3.50,1,-30% dès 2,
2026-09-18,7117155,3.80,3.80,1,-30% dès 2,
2026-09-18,7120779,9.95,9.95,1,-20% dès 2,
2026-09-18,7137625,8.95,8.95,1,-20% dès 2,
2026-09-18,7137626,8.95,8.95,1,-20% dès 2,
2026-09-18,7137627,8.95,8.95,1,-20% dès 2,
2026-09-18,7140192,3.95,3.95,1,-30% dès 2,
2026-09-18,7143625,3.95,3.95,1,-30% dès 2,
2026-09-18,7185779,3.20,3.20,1,-20% dès 2,
2026-09-18,7232386,6.95,6.95,1,-30% dès 2,
2026-09-18,7260055,2.95,2.95,1,-20% dès 2,
2026-09-18,7283876,4.20,4.20,1,-30% dès 2,
2026-09-18,7285034,3.50,3.50,1,-30% dès 2,
2026-09-18,7285750,3.95,3.95,1,-20% dès 2,
2026-09-18,7285752,3.95,3.95,1,-20% dès 2,
2026-09-18,7285756,3.95,3.95,1,-20% dès 2,
2026-09-18,7285774,5.50,5.50,1,-20% dès 2,
2026-09-18,7289512,4.95,4.95,1,-30% dès 2,
2026-09-18,7292658,3.95,3.95,1,-20% dès 2,
2026-09-18,7408150,9.95,9.95,1,-20% dès 2,
2026-09-18,7415860,3.95,3.95,1,-20% dès 2,
2026-09-18,7415892,4.50,4.50,1,-20% dès 2,
2026-09-18,7415893,13.95,13.95,1,-20% dès 2,
2026-09-18,7415895,13.95,13.95,1,-20% dès 2,
2026-09-18,7415896,19.95,19.95,1,-20% dès 2,
2026-09-18,7415898,3.20,3.20,1,-20% dès 2,
2026-09-18,7441878,5.95,5.95,1,-30% dès 2,
2026-09-18,7441879,5.95,5.95,1,-30% dès 2,
2026-09-18,7448241,3.50,3.50,1,-30% dès 2,
2026-09-18,7451709,3.95,3.95,1,"1,6.- par 2",
2026-09-18,7454000,29.95,29.95,1,-20% dès 2,
2026-09-18,7454131,19.95,19.95,1,-20% dès 2,
2026-09-18,7454132,19.95,19.95,1,-20% dès 2,
2026-09-18,7454133,29.95,29.95,1,-20% dès 2,
2026-09-18,7465640,4.95,4.95,1,-30% dès 2,
2026-09-18,7465791,4.95,4.95,1,-30% dès 2,
2026-09-18,7470107,1.40,1.40,1,-20% dès 2,
2026-09-18,7470110,1.40,1.40,1,20x Superpoints,
2026-09-18,7475994,4.60,4.60,1,-30% dès 2,
2026-09-18,7494812,4.95,4.95,1,-30% dès 2,
2026-09-18,7506960,6.95,6.95,1,-30% dès 2,
2026-09-18,7538962,3.25,3.25,1,-20% dès 2,
2026-09-18,7543965,3.50,3.50,1,-25% dès 2,
2026-09-18,7543967,3.50,3.50,1,-25% dès 2,
2026-09-18,7543968,3.50,3.50,1,-25% dès 2,
2026-09-18,7553381,3.95,3.95,1,-20% dès 2,
2026-09-18,7553382,9.95,9.95,1,-20% dès 2,
2026-09-18,7553383,9.95,9.95,1,-20% dès 2,
2026-09-18,7553384,9.95,9.95,1,-20% dès 2,
2026-09-18,7553385,3.20,3.20,1,-20% dès 2,
2026-09-18,4920212,8.90,17.90,1,-50%,
2026-09-18,7573582,13.90,20.85,1,-33%,
2026-09-18,5918440,12.70,21.90,1,-42%,
2026-09-18,5920012,12.70,21.90,1,-42%,
2026-09-18,5920016,12.70,21.90,1,-42%,
2026-09-18,5920018,12.70,21.90,1,-42%,
2026-09-18,6584364,7.05,11.95,1,-41%,
2026-09-18,6584367,7.05,11.95,1,-41%,
2026-09-18,3381386,27.60,46.00,1,-40%,
2026-09-18,3050530,15.60,15.60,1,-30% dès 2,
2026-09-18,3822147,15.60,15.60,1,-30% dès 2,
2026-09-18,4484944,26.40,26.40,1,-30% dès 2,
2026-09-18,4484948,26.40,26.40,1,-30% dès 2,
2026-09-18,5690161,11.90,11.90,0,,
2026-09-18,6466912,9.50,9.50,0,,
2026-09-18,4399891,10.40,10.40,0,,
2026-09-18,4659295,14.30,14.30,0,,
2026-09-18,6850515,9.60,9.60,0,,
2026-09-18,6858302,9.60,9.60,0,,
2026-09-18,3081185,3.85,3.85,0,,
2026-09-18,7518949,2.90,2.90,0,,
2026-09-18,3080830,2.40,2.40,0,,
2026-09-18,3362117,11.50,11.50,0,,
2026-09-18,3030751,1.30,1.30,0,,
2026-09-18,3031255,1.70,1.70,0,,
2026-09-18,5818171,2.25,2.25,0,,
2026-09-18,6108172,2.95,2.95,0,,
2026-09-18,7546668,2.80,2.80,0,,
2026-09-18,7018316,2.90,2.90,0,,
2026-09-18,7085455,4.95,4.95,1,1+1,
2026-09-18,7050654,2.20,2.20,0,,
2026-09-18,6495966,2.95,2.95,0,,
2026-09-18,3090545,3.60,3.60,0,,
2026-09-18,6840739,4.95,4.95,0,,
2026-09-18,7464554,5.40,5.40,0,,
2026-09-18,3090903,2.45,2.45,0,,
2026-09-18,3853853,3.95,3.95,0,,
2026-09-18,3413770,1.60,1.60,0,,
2026-09-18,3761398,2.00,2.00,0,,
2026-09-18,7423032,21.95,21.95,0,,
2026-09-18,6744060,21.95,21.95,0,,
2026-09-18,5823140,11.95,11.95,0,,
2026-09-18,7487108,11.95,11.95,0,,
2026-09-18,6421685,11.95,11.95,0,,
2026-09-18,6463127,12.95,12.95,0,,
2026-09-18,7200597,7.95,7.95,0,,
2026-09-18,7244748,8.60,8.60,0,,
2026-09-18,6377153,4.95,4.95,0,,
2026-09-18,3090826,3.40,5.00,1,-32%,
2026-09-18,7570040,3.55,3.95,1,-10.0%,
2026-09-18,3644629,2.95,2.95,1,-20% dès 2,
2026-09-18,4967079,5.50,5.50,1,-20% dès 2,
2026-09-18,4967195,5.50,5.50,1,-20% dès 2,
2026-09-18,6141017,3.95,3.95,1,-20% dès 2,
2026-09-18,7278143,4.95,4.95,1,-20% dès 2,
2026-09-18,7309001,3.80,3.80,1,-20% dès 2,
2026-09-18,7533477,4.95,4.95,1,-30% dès 2,
2026-09-18,7550910,4.95,4.95,1,-30% dès 2,
2026-09-18,6589707,17.50,25.00,1,Online 30%,
2026-09-18,6714135,8.55,11.40,1,Online 25%,
2026-09-18,3895956,3.95,3.95,0,,
2026-09-18,4967037,2.10,2.10,0,,
2026-09-19,7291432,3.50,4.40,1,-20%,
2026-09-19,6393265,13.60,18.40,1,-26%,
2026-09-19,7557272,3.75,4.20,1,-10.0%,
2026-09-19,6652944,15.25,30.85,1,-50%,
2026-09-19,7571778,6.90,11.70,1,-41%,
2026-09-19,3390635,4.20,5.40,1,-21%,
2026-09-19,4837124,2.70,3.45,1,-21%,
2026-09-19,3061432,20.45,25.60,1,-20%,
2026-09-19,3064305,6.10,7.70,1,-20%,
2026-09-19,3064842,5.05,6.40,1,-20%,
2026-09-19,3066024,4.20,5.25,1,-20%,
2026-09-19,3066246,7.20,9.00,1,-20%,
2026-09-19,3624537,8.20,10.30,1,-20%,
2026-09-19,4268918,5.00,6.30,1,-20%,
2026-09-19,5837079,2.70,3.40,1,-20%,
2026-09-19,6755821,5.05,6.40,1,-20%,
2026-09-19,3400501,20.70,25.85,1,-19%,
2026-09-19,6100018,3.95,3.95,1,-20% dès 2,
2026-09-19,7041058,8.50,17.00,1,-50%,
2026-09-19,7205807,2.95,2.95,1,-25% dès 2,
2026-09-19,7249581,5.50,5.50,1,-30% dès 2,
2026-09-19,7260378,3.20,3.20,1,-30% dès 2,
2026-09-19,7260448,3.20,3.20,1,-30% dès 2,
2026-09-19,7260469,3.20,3.20,1,-30% dès 2,
2026-09-19,7260582,3.20,3.20,1,-30% dès 2,
2026-09-19,7260584,3.20,3.20,1,-30% dès 2,
2026-09-19,7260762,3.20,3.20,1,-30% dès 2,
2026-09-19,7260764,3.20,3.20,1,-30% dès 2,
2026-09-19,7268205,14.35,14.35,1,-30% dès 2,
2026-09-19,7273802,4.95,4.95,1,-25% dès 2,
2026-09-19,7338100,3.60,3.60,1,-25% dès 2,
2026-09-19,7400161,4.40,4.40,1,-30% dès 2,
2026-09-19,7400164,4.40,4.40,1,-30% dès 2,
2026-09-19,7444140,3.20,3.20,1,-30% dès 2,
2026-09-19,7456345,1.95,1.95,1,-20% dès 2,
2026-09-19,7500123,1.95,1.95,1,-20% dès 2,
2026-09-19,7500124,1.95,1.95,1,-20% dès 2,
2026-09-19,7512856,9.40,9.40,1,-31% dès 2,
2026-09-19,7516480,16.95,16.95,1,-30% dès 2,
2026-09-19,7516871,16.95,16.95,1,-30% dès 2,
2026-09-19,7516872,16.95,16.95,1,-30% dès 2,
2026-09-19,7516874,9.95,9.95,1,-30% dès 2,
2026-09-19,7516875,22.95,22.95,1,-30% dès 2,
2026-09-19,7516876,22.95,22.95,1,-30% dès 2,
2026-09-19,7525774,8.95,8.95,1,-30% dès 2,
2026-09-19,7533838,6.50,6.50,1,-30% dès 2,
2026-09-19,7533839,4.20,4.20,1,-30% dès 2,
2026-09-19,7534427,4.90,4.90,1,-50% dès 2,
2026-09-19,7534802,4.20,4.20,1,-30% dès 2,
2026-09-19,7536283,10.95,10.95,1,-30% dès 2,
2026-09-19,7536725,10.95,10.95,1,-30% dès 2,
2026-09-19,7538967,1.95,1.95,1,-20% dès 2,
2026-09-19,7538968,1.95,1.95,1,-20% dès 2,
2026-09-19,7538969,1.95,1.95,1,-20% dès 2,
2026-09-19,7553600,5.95,5.95,1,-30% dès 2,
2026-09-19,7569503,3.50,3.50,1,-30% dès 2,
2026-09-19,7569504,3.50,3.50,1,-30% dès 2,
2026-09-19,7569505,3.50,3.50,1,-30% dès 2,
2026-09-19,7569506,3.50,3.50,1,-30% dès 2,
2026-09-19,7574804,3.20,3.20,1,-30% dès 2,
2026-09-19,7577168,5.50,5.50,1,-30% dès 2,
2026-09-19,3050237,8.95,8.95,1,-40% dès 3,
2026-09-19,3051328,13.90,13.90,1,-40% dès 3,
2026-09-19,3051547,6.90,6.90,1,-40% dès 3,
2026-09-19,3370210,13.80,13.80,1,-40% dès 3,
2026-09-19,3370318,9.60,9.60,1,-40% dès 3,
2026-09-19,3389814,10.95,10.95,1,-40% dès 3,
2026-09-19,3422807,10.50,10.50,1,-40% dès 3,
2026-09-19,3428678,11.95,11.95,1,-40% dès 3,
2026-09-19,3457711,14.95,14.95,1,-40% dès 3,
2026-09-19,3483831,7.80,7.80,1,-40% dès 3,
2026-09-19,3523746,5.60,5.60,1,-40% dès 3,
2026-09-19,7417548,7.80,7.80,0,,
2026-09-20,4481975,14.10,28.50,1,-50%,
2026-09-20,7250192,15.95,29.90,1,-46%,
2026-09-20,6704094,11.50,19.20,1,Online 40%,
2026-09-20,3362117,11.50,11.50,0,,
2026-09-21,3520038,13.25,13.25,1,-40% dès 2,
2026-09-21,3869334,3.95,3.95,1,-40% dès 2,
2026-09-21,3877877,3.75,3.75,1,-40% dès 2,
2026-09-21,3877959,3.75,3.75,1,-40% dès 2,
2026-09-21,3877960,2.95,2.95,1,-40% dès 2,
2026-09-21,3878159,4.25,4.25,1,-40% dès 2,
2026-09-21,4864171,2.90,2.90,1,-40% dès 2,
2026-09-21,5615338,2.95,2.95,1,-40% dès 2,
2026-09-21,5615340,2.95,2.95,1,-40% dès 2,
2026-09-21,5670941,6.80,6.80,1,-40% dès 2,
2026-09-21,5696398,3.95,3.95,1,-40% dès 2,
2026-09-21,5849497,3.95,3.95,1,-40% dès 2,
2026-09-21,5853879,7.40,7.40,1,-40% dès 2,
2026-09-21,5863239,4.15,4.15,1,-40% dès 2,
2026-09-21,6028011,3.35,3.35,1,-40% dès 2,
2026-09-21,6028024,5.15,5.15,1,-40% dès 2,
2026-09-21,6325990,4.10,4.10,1,-40% dès 2,
2026-09-21,6431357,4.70,4.70,1,-40% dès 2,
2026-09-21,6431359,4.70,4.70,1,-40% dès 2,
2026-09-21,7134065,5.85,5.85,1,-40% dès 2,
2026-09-21,7151988,4.25,4.25,1,-40% dès 2,
2026-09-21,6100018,3.95,3.95,1,-20% dès 2,
2026-09-21,6100019,3.95,3.95,1,-20% dès 2,
2026-09-21,6100052,3.95,3.95,1,-20% dès 2,
2026-09-21,6100055,2.95,2.95,1,-20% dès 2,
2026-09-21,6100058,3.95,3.95,1,-20% dès 2,
2026-09-21,6100112,2.95,2.95,1,-20% dès 2,
2026-09-21,6100866,18.85,18.85,1,-20% dès 2,
2026-09-21,6100867,18.85,18.85,1,-20% dès 2,
2026-09-21,6158448,3.80,3.80,1,-20% dès 2,
2026-09-21,6230448,5.95,5.95,1,-20% dès 2,
2026-09-21,6254396,5.30,5.30,1,-20% dès 2,
2026-09-21,6254398,5.30,5.30,1,-20% dès 2,
2026-09-21,6254399,5.30,5.30,1,-20% dès 2,
2026-09-21,6585301,5.60,8.40,1,-33%,
2026-09-21,4472498,4.70,4.70,1,-40% dès 2,
2026-09-21,6537848,3.95,3.95,1,-40% dès 2,
2026-09-21,6554291,8.25,8.25,1,-40% dès 2,
2026-09-21,6639044,5.80,5.80,1,-40% dès 2,
2026-09-21,7080235,3.95,3.95,1,-40% dès 2,
2026-09-21,7178188,11.95,11.95,1,-20% dès 2,
2026-09-21,7311035,5.95,5.95,1,-40% dès 2,
2026-09-21,7547922,6.80,6.80,1,-40% dès 2,
2026-09-21,3030643,19.90,19.90,1,-33% dès 2,
2026-09-21,3080221,5.50,5.50,0,,
2026-09-21,6768832,6.95,6.95,0,,
2026-09-21,7131727,5.95,5.95,0,,
2026-09-21,3021010,4.55,4.55,0,,
2026-09-21,3474354,5.45,5.45,0,,
2026-09-21,3823516,5.60,5.60,0,,
2026-09-21,6962218,3.80,3.80,0,,
2026-09-21,6962219,3.95,3.95,0,,
2026-09-21,3360446,5.95,5.95,0,,
2026-09-21,7131726,4.95,4.95,0,,
2026-09-21,6629227,5.80,5.80,0,,
2026-09-21,6723241,6.50,6.50,0,,
2026-09-22,3081041,7.65,9.60,1,-20%,
2026-09-22,4904428,2.30,2.65,1,-13.0%,
2026-09-22,7538003,3.20,3.20,1,-40% dès 2,
2026-09-22,6254400,5.30,5.30,1,-20% dès 2,
2026-09-22,7369914,10.50,13.90,1,-24%,
2026-09-22,7548527,4.50,4.50,1,-20% dès 2,
2026-09-22,3735669,16.80,33.60,1,-50%,
2026-09-22,6066967,3.95,3.95,0,,
2026-09-22,5648871,17.95,17.95,0,,
2026-09-23,7206099,6.90,9.90,1,-30%,
2026-09-23,6703995,9.50,11.90,1,-20%,
2026-09-23,6883014,5.50,6.50,1,-15%,
2026-09-23,6767080,3.95,3.95,1,-44% dès 4,
2026-09-23,4901075,18.00,36.00,1,-50%,
2026-09-23,3081177,19.95,29.90,1,-33%,
2026-09-23,3081461,20.70,30.90,1,-33%,
2026-09-23,4160650,21.90,32.85,1,-33%,
2026-09-23,3080830,1.80,2.40,1,Online 25%,
2026-09-23,4446577,3.30,4.40,1,-25%,
2026-09-23,6110600,3.30,4.40,1,-25%,
2026-09-23,3504377,5.75,7.35,1,-21%,
2026-09-23,7342675,10.05,12.85,1,-21%,
2026-09-23,6830768,17.50,21.90,1,-20%,
2026-09-23,7124479,3.75,4.70,1,-20%,
2026-09-23,7124480,3.75,4.70,1,-20%,
2026-09-23,3080254,6.75,8.00,1,-15%,
2026-09-23,3642453,13.50,15.20,1,-11.0%,
2026-09-23,3516082,3.95,3.95,1,-20% dès 2,
2026-09-23,3623798,3.95,3.95,1,-20% dès 2,
2026-09-23,6629683,2.65,2.65,1,-20% dès 2,
2026-09-23,6629913,3.20,3.20,1,-20% dès 2,
2026-09-23,6706994,3.40,3.40,1,-44% dès 4,
2026-09-23,6786767,2.25,2.25,1,-44% dès 4,
2026-09-23,6789276,2.95,2.95,1,-20% dès 2,
2026-09-23,6865581,1.95,1.95,1,-44% dès 4,
2026-09-23,7016380,3.75,3.75,1,-44% dès 4,
2026-09-23,7016522,3.30,3.30,1,-44% dès 4,
2026-09-23,7019380,3.75,3.75,1,-30% dès 2,
2026-09-23,7114216,3.30,3.30,1,-44% dès 4,
2026-09-23,7250102,3.40,3.40,1,-44% dès 4,
2026-09-23,7400003,3.45,3.45,1,-44% dès 4,
2026-09-23,6477605,5.40,10.90,1,-50%,
2026-09-23,6652944,15.25,30.85,1,-50%,
2026-09-23,3061411,20.25,35.10,1,-42%,
2026-09-23,6401484,9.95,17.10,1,-41%,
2026-09-23,3699645,7.20,12.00,1,-40%,
2026-09-23,3061432,16.35,25.60,1,-36%,
2026-09-23,3066246,5.75,9.00,1,-36%,
2026-09-23,3624537,6.55,10.30,1,-36%,
2026-09-23,3066224,12.85,20.00,1,-35%,
2026-09-23,3067794,13.05,20.25,1,-35%,
2026-09-23,3400501,16.55,25.85,1,-35%,
2026-09-23,5615760,15.90,23.85,1,-33%,
2026-09-23,5834158,9.00,13.50,1,-33%,
2026-09-23,6876527,15.40,23.15,1,-33%,
2026-09-23,6622071,13.95,20.05,1,-30%,
2026-09-23,3065786,5.95,8.25,1,-27%,
2026-09-23,3396951,5.95,8.25,1,-27%,
2026-09-23,3598719,10.95,14.80,1,-26%,
2026-09-23,6358276,15.80,20.80,1,-24%,
2026-09-23,3061178,9.00,11.30,1,-20%,
2026-09-23,3061418,7.75,9.75,1,-20%,
2026-09-23,3064894,8.45,10.60,1,-20%,
2026-09-23,3066226,13.50,16.95,1,-20%,
2026-09-23,3066964,16.40,20.50,1,-20%,
2026-09-23,3348758,9.75,12.20,1,-20%,
2026-09-23,3390637,6.10,7.65,1,-20%,
2026-09-23,3394364,8.20,10.30,1,-20%,
2026-09-23,3414643,8.20,10.30,1,-20%,
2026-09-23,3435692,26.80,33.50,1,-20%,
2026-09-23,3549476,27.20,34.00,1,-20%,
2026-09-23,3742189,20.65,25.85,1,-20%,
2026-09-23,3927421,13.05,16.35,1,-20%,
2026-09-23,3927425,17.25,21.60,1,-20%,
2026-09-23,3927426,21.00,26.25,1,-20%,
2026-09-23,3927428,7.95,10.05,1,-20%,
2026-09-23,4034042,18.80,23.50,1,-20%,
2026-09-23,4340400,24.80,31.05,1,-20%,
2026-09-23,4493472,18.95,23.80,1,-20%,
2026-09-23,4493501,56.50,70.65,1,-20%,
2026-09-23,4688449,19.45,24.35,1,-20%,
2026-09-23,4688450,30.30,37.95,1,-20%,
2026-09-23,4688451,23.60,29.50,1,-20%,
2026-09-23,4887125,17.50,21.90,1,-20%,
2026-09-23,5858031,18.45,23.10,1,-20%,
2026-09-23,5858032,10.75,13.50,1,-20%,
2026-09-23,7306677,144.60,180.80,1,-20%,
2026-09-23,4120834,6.85,8.45,1,-18%,
2026-09-23,3585245,7.05,8.40,1,-16%,
2026-09-23,4399891,8.85,10.35,1,-14.0%,
2026-09-23,4659295,12.30,14.30,1,-13.0%,
2026-09-23,5742023,11.25,12.75,1,-11.0%,
2026-09-23,3066949,3.70,3.70,1,"3,85.- par 4",
2026-09-23,5823199,4.50,4.50,1,"4,5.- par 3",
2026-09-23,7276767,6.40,6.40,1,-20% dès 2,
2026-09-23,6869765,2.95,3.95,1,-25%,
2026-09-23,4888081,3.95,5.20,1,-24%,
2026-09-23,3378512,2.30,2.30,1,-20% dès 2,
2026-09-23,3390905,4.55,4.55,1,-20% dès 2,
2026-09-23,3541890,3.75,3.75,1,-20% dès 2,
2026-09-23,3739066,4.50,4.50,1,-20% dès 3,
2026-09-23,4299673,5.95,5.95,1,-20% dès 3,
2026-09-23,4449195,3.95,3.95,1,-20% dès 3,
2026-09-23,4682445,3.95,3.95,1,-20% dès 3,
2026-09-23,4842206,3.95,3.95,1,-20% dès 3,
2026-09-23,4859018,4.95,4.95,1,-20% dès 3,
2026-09-23,4859110,4.95,4.95,1,-20% dès 3,
2026-09-23,4886668,3.60,3.60,1,-20% dès 3,
2026-09-23,4886674,3.95,3.95,1,-20% dès 3,
2026-09-23,4886676,3.80,3.80,1,-20% dès 3,
2026-09-23,4950628,4.95,4.95,1,-20% dès 3,
2026-09-23,5791680,3.80,3.80,1,-20% dès 2,
2026-09-23,5866962,2.40,2.40,1,-20% dès 2,
2026-09-23,5873269,2.95,2.95,1,-20% dès 3,
2026-09-23,5909397,3.95,3.95,1,-20% dès 3,
2026-09-23,6550814,2.95,2.95,1,-20% dès 3,
2026-09-23,6627621,2.90,2.90,1,-20% dès 2,
2026-09-23,7109500,3.95,3.95,1,-20% dès 3,
2026-09-23,7109521,3.75,3.75,1,-20% dès 3,
2026-09-23,7510763,2.95,2.95,1,-20% dès 2,
2026-09-23,7512838,2.35,2.35,1,-30% dès 2,
2026-09-23,7512862,2.15,2.15,1,-30% dès 2,
2026-09-23,7572931,3.95,3.95,1,-20% dès 3,
2026-09-23,7607625,5.95,5.95,1,-20% dès 3,
2026-09-23,7380629,4.95,9.90,1,-50%,
2026-09-23,3020170,3.90,5.85,1,-33%,
2026-09-23,3020295,3.60,5.40,1,-33%,
2026-09-23,3020305,5.90,8.85,1,-33%,
2026-09-23,3030284,6.40,9.60,1,-33%,
2026-09-23,3030287,5.00,7.50,1,-33%,
2026-09-23,3413770,3.20,4.80,1,-33%,
2026-09-23,4486856,4.00,6.00,1,-33%,
2026-09-23,4789854,5.60,8.40,1,-33%,
2026-09-23,4789857,5.60,8.40,1,-33%,
2026-09-23,4789939,5.60,8.40,1,-33%,
2026-09-23,4789942,5.60,8.40,1,-33%,
2026-09-23,4927356,7.90,11.85,1,-33%,
2026-09-23,5885151,5.60,8.40,1,-33%,
2026-09-23,6741210,3.30,4.95,1,-33%,
2026-09-23,6741224,3.95,5.95,1,-33%,
2026-09-23,6781122,5.00,7.50,1,-33%,
2026-09-23,7221511,3.95,5.95,1,-33%,
2026-09-23,7426889,4.35,6.50,1,-33%,
2026-09-23,3031309,9.60,12.80,1,-25%,
2026-09-23,5926066,11.40,15.20,1,-25%,
2026-09-23,6447259,15.75,21.00,1,-25%,
2026-09-23,7089531,9.00,12.00,1,-25%,
2026-09-23,4453072,9.60,12.00,1,-20%,
2026-09-23,4940250,9.60,12.00,1,-20%,
2026-09-23,3628880,6.45,6.45,1,-20% dès 2,
2026-09-23,6694390,12.95,24.75,1,-47%,
2026-09-23,6694386,9.50,17.70,1,-46%,
2026-09-23,6695693,9.95,16.85,1,-40%,
2026-09-23,7561819,19.80,33.00,1,-40%,
2026-09-23,3153004,6.80,10.20,1,-33%,
2026-09-23,3153278,5.10,7.65,1,-33%,
2026-09-23,3376576,5.70,8.55,1,-33%,
2026-09-23,4423429,7.00,10.50,1,-33%,
2026-09-23,6698522,4.40,6.60,1,-33%,
2026-09-23,7277085,8.40,12.60,1,-33%,
2026-09-23,7553995,8.90,12.95,1,-31%,
2026-09-23,7578575,2.70,3.95,1,-31%,
2026-09-23,6030952,22.70,32.50,1,-30%,
2026-09-23,7521705,6.90,9.90,1,-30%,
2026-09-23,3949169,12.20,16.40,1,-25%,
2026-09-23,4134662,18.30,22.90,1,-20%,
2026-09-23,6670254,7.90,9.90,1,-20%,
2026-09-23,7393358,11.50,14.40,1,-20%,
2026-09-23,7545729,2.80,3.50,1,-20%,
2026-09-23,7551814,3.95,4.95,1,-20%,
2026-09-23,7553381,3.55,3.95,1,-10.0%,
2026-09-23,7553382,8.95,9.95,1,-10.0%,
2026-09-23,7553383,8.95,9.95,1,-10.0%,
2026-09-23,7553384,8.95,9.95,1,-10.0%,
2026-09-23,7553385,2.85,3.20,1,-10.0%,
2026-09-23,7609535,2.65,2.95,1,-10.0%,
2026-09-23,3002350,3.95,3.95,1,-30% dès 3,
2026-09-23,3002351,4.40,4.40,1,-30% dès 3,
2026-09-23,3002432,3.95,3.95,1,-30% dès 3,
2026-09-23,3002513,3.95,3.95,1,-30% dès 3,
2026-09-23,3002548,3.95,3.95,1,-30% dès 3,
2026-09-23,3002938,3.95,3.95,1,-30% dès 3,
2026-09-23,3003357,3.95,3.95,1,-30% dès 3,
2026-09-23,4446651,4.40,4.40,1,-30% dès 3,
2026-09-23,4447641,2.20,2.20,1,-30% dès 3,
2026-09-23,4932432,3.60,3.60,1,-44% dès 4,
2026-09-23,4932480,3.60,3.60,1,-44% dès 4,
2026-09-23,4933139,4.50,4.50,1,-44% dès 4,
2026-09-23,5806502,3.50,3.50,1,-20% dès 2,
2026-09-23,5806503,3.50,3.50,1,-20% dès 2,
2026-09-23,6020764,3.50,3.50,1,-20% dès 2,
2026-09-23,6090247,4.40,4.40,1,-30% dès 3,
2026-09-23,6378630,4.60,4.60,1,-44% dès 4,
2026-09-23,6378893,3.60,3.60,1,-44% dès 4,
2026-09-23,6378894,5.50,5.50,1,-44% dès 4,
2026-09-23,6378899,3.50,3.50,1,-44% dès 4,
2026-09-23,6378994,1.95,1.95,1,-44% dès 4,
2026-09-23,6390805,3.50,3.50,1,-20% dès 2,
2026-09-23,6440279,3.60,3.60,1,-44% dès 4,
2026-09-23,6521582,4.20,4.20,1,"4,2.- par 3",
2026-09-23,6561715,4.40,4.40,1,-30% dès 3,
2026-09-23,6638727,2.20,2.20,1,-30% dès 3,
2026-09-23,6638811,1.95,1.95,1,-30% dès 3,
2026-09-23,6638812,1.80,1.80,1,-30% dès 3,
2026-09-23,6638815,2.20,2.20,1,-30% dès 3,
2026-09-23,6638817,2.95,2.95,1,-30% dès 3,
2026-09-23,6638819,2.20,2.20,1,-30% dès 3,
2026-09-23,6639431,2.20,2.20,1,-30% dès 3,
2026-09-23,6639437,2.80,2.80,1,-30% dès 3,
2026-09-23,6694293,2.95,2.95,1,-30% dès 3,
2026-09-23,6694313,2.95,2.95,1,-30% dès 3,
2026-09-23,6708642,2.80,2.80,1,-30% dès 3,
2026-09-23,6708751,2.40,2.40,1,-30% dès 3,
2026-09-23,6717992,19.95,19.95,1,-30% dès 3,
2026-09-23,6734441,14.95,14.95,1,-30% dès 3,
2026-09-23,6753751,1.30,1.30,1,-44% dès 4,
2026-09-23,6761521,5.50,5.50,1,-30% dès 3,
2026-09-23,6816732,2.30,2.30,1,-44% dès 4,
2026-09-23,6869933,1.95,1.95,1,-20% dès 2,
2026-09-23,6870512,6.95,6.95,1,-30% dès 3,
2026-09-23,6875184,4.50,4.50,1,-30% dès 3,
2026-09-23,6878035,4.40,4.40,1,-30% dès 3,
2026-09-23,6881536,3.60,3.60,1,-44% dès 4,
2026-09-23,7003649,6.95,6.95,1,-30% dès 3,
2026-09-23,7108397,3.95,3.95,1,-30% dès 3,
2026-09-23,7122600,2.40,2.40,1,-30% dès 3,
2026-09-23,7138711,2.40,2.40,1,-30% dès 3,
2026-09-23,7142964,8.50,8.50,1,-30% dès 3,
2026-09-23,7152203,2.40,2.40,1,-30% dès 3,
2026-09-23,7192807,3.60,3.60,1,-44% dès 4,
2026-09-23,5874511,3.65,7.30,1,-50%,
2026-09-23,5909821,9.30,18.60,1,-50%,
2026-09-23,7093027,12.95,25.90,1,-50%,
2026-09-23,4318140,14.95,28.75,1,-48%,
2026-09-23,4967503,6.60,11.00,1,-40%,
2026-09-23,7065705,9.90,16.50,1,-40%,
2026-09-23,7065706,9.90,16.50,1,-40%,
2026-09-23,7090905,9.90,16.50,1,-40%,
2026-09-23,4372724,3.70,5.55,1,-33%,
2026-09-23,4372727,3.70,5.55,1,-33%,
2026-09-23,6765572,9.90,14.85,1,-33%,
2026-09-23,6740287,19.95,27.90,1,-28%,
2026-09-23,6041259,4.15,5.20,1,-20%,
2026-09-23,7038695,4.15,5.20,1,-20%,
2026-09-23,3698270,9.00,11.00,1,-18%,
2026-09-23,3698222,11.20,13.20,1,-15%,
2026-09-23,5999678,11.20,13.20,1,-15%,
2026-09-23,3456953,5.50,5.50,1,-44% dès 4,
2026-09-23,3456957,5.50,5.50,1,-44% dès 4,
2026-09-23,4528404,3.70,3.70,1,-20% dès 2,
2026-09-23,4528405,4.50,4.50,1,-20% dès 2,
2026-09-23,4900752,6.60,6.60,1,-44% dès 4,
2026-09-23,4900909,6.60,6.60,1,-44% dès 4,
2026-09-23,4920119,8.50,8.50,1,-50% par 2,
2026-09-23,5779878,4.50,4.50,1,-20% dès 2,
2026-09-23,5779932,6.60,6.60,1,-20% dès 2,
2026-09-23,5894870,4.20,4.20,1,-20% dès 2,
2026-09-23,5909660,9.30,9.30,1,"9,3.- par 2",
2026-09-23,6122728,4.95,4.95,1,-20% dès 2,
2026-09-23,6353538,3.95,3.95,1,-20% dès 2,
2026-09-23,6484641,4.95,4.95,1,-44% dès 4,
2026-09-23,6484652,6.95,6.95,1,-44% dès 4,
2026-09-23,6726788,6.60,6.60,1,-44% dès 4,
2026-09-23,6977081,5.95,5.95,1,-44% dès 4,
2026-09-23,6977082,5.95,5.95,1,-44% dès 4,
2026-09-23,6977083,5.95,5.95,1,-44% dès 4,
2026-09-23,6977084,5.95,5.95,1,-44% dès 4,
2026-09-23,6977087,5.95,5.95,1,-44% dès 4,
2026-09-23,6977088,5.95,5.95,1,-44% dès 4,
2026-09-23,6977099,5.20,5.20,1,-44% dès 4,
2026-09-23,6977101,4.95,4.95,1,-44% dès 4,
2026-09-23,7026708,2.95,2.95,1,-20% dès 2,
2026-09-23,7026709,2.95,2.95,1,-20% dès 2,
2026-09-23,7124207,4.95,4.95,1,-20% dès 2,
2026-09-23,7134352,4.70,4.70,1,-20% dès 2,
2026-09-23,7254300,7.95,7.95,1,-44% dès 4,
2026-09-23,7332724,4.70,4.70,1,-44% dès 4,
2026-09-23,7391013,7.95,7.95,1,-44% dès 4,
2026-09-23,7391014,8.50,8.50,1,-44% dès 4,
2026-09-23,7439224,4.95,4.95,1,-20% dès 2,
2026-09-23,7439225,4.95,4.95,1,-20% dès 2,
2026-09-23,7452948,5.70,5.70,1,-44% dès 4,
2026-09-23,7510815,3.95,3.95,1,-44% dès 4,
2026-09-23,7514336,5.60,5.60,1,-44% dès 4,
2026-09-23,7514337,7.95,7.95,1,-44% dès 4,
2026-09-23,3895827,8.20,14.70,1,-44%,
2026-09-23,4484944,14.95,26.40,1,-43%,
2026-09-23,4484948,14.95,26.40,1,-43%,
2026-09-23,3378114,12.95,22.20,1,-41%,
2026-09-23,3378119,12.95,22.20,1,-41%,
2026-09-23,3563259,11.95,20.50,1,-41%,
2026-09-23,3877905,11.95,20.50,1,-41%,
2026-09-23,6806485,13.95,23.70,1,-41%,
2026-09-23,6806487,13.95,23.70,1,-41%,
2026-09-23,3381386,27.60,46.00,1,-40%,
2026-09-23,6558109,31.50,52.80,1,-40%,
2026-09-23,7497036,4.15,6.95,1,-40%,
2026-09-23,6587238,8.95,13.50,1,-33%,
2026-09-23,6973018,9.00,13.50,1,-33%,
2026-09-23,7143398,8.95,13.50,1,-33%,
2026-09-23,7268608,9.00,13.50,1,-33%,
2026-09-23,7268651,10.00,15.00,1,-33%,
2026-09-23,7397238,9.00,13.50,1,-33%,
2026-09-23,7526470,9.00,13.50,1,-33%,
2026-09-23,6116940,17.50,26.25,1,-33%,
2026-09-23,7251023,17.50,26.25,1,-33%,
2026-09-23,6348735,12.95,18.90,1,-31%,
2026-09-23,6883651,15.95,23.30,1,-31%,
2026-09-23,3050587,6.95,9.30,1,-25%,
2026-09-23,3688753,6.95,9.30,1,-25%,
2026-09-23,3688756,6.95,9.30,1,-25%,
2026-09-23,4742708,6.95,9.30,1,-25%,
2026-09-23,6161355,3.35,4.50,1,-25%,
2026-09-23,6161356,3.35,4.50,1,-25%,
2026-09-23,6161357,3.35,4.50,1,-25%,
2026-09-23,6161358,3.35,4.50,1,-25%,
2026-09-23,6422908,3.35,4.50,1,-25%,
2026-09-23,6422910,3.35,4.50,1,-25%,
2026-09-23,7111821,4.80,6.40,1,-25%,
2026-09-23,7111854,4.80,6.40,1,-25%,
2026-09-23,7263446,4.80,6.40,1,-25%,
2026-09-23,7268095,6.95,9.30,1,-25%,
2026-09-23,7502659,4.80,6.40,1,-25%,
2026-09-23,7249851,9.70,12.95,1,-25%,
2026-09-23,7250061,7.85,10.50,1,-25%,
2026-09-23,7263496,9.70,12.95,1,-25%,
2026-09-23,7497469,9.70,12.95,1,-25%,
2026-09-23,7497495,6.90,9.20,1,-25%,
2026-09-23,7476506,15.95,20.70,1,-22%,
2026-09-23,4814608,4.70,5.90,1,-20%,
2026-09-23,7510623,4.45,4.95,1,-10.0%,
2026-09-23,7553121,17.95,19.95,1,-10.0%,
2026-09-23,7577168,4.95,5.50,1,-10.0%,
2026-09-23,3050303,6.20,6.20,1,-20% dès 2,
2026-09-23,3050479,5.60,5.60,1,-20% dès 2,
2026-09-23,3050480,5.80,5.80,1,-20% dès 2,
2026-09-23,3050481,5.60,5.60,1,-20% dès 2,
2026-09-23,3874835,6.95,6.95,1,-20% dès 2,
2026-09-23,3878695,5.60,5.60,1,-20% dès 2,
2026-09-23,4484455,5.80,5.80,1,-20% dès 2,
2026-09-23,6117478,6.95,6.95,1,-20% dès 2,
2026-09-23,6470365,3.20,3.20,1,-20% dès 2,
2026-09-23,6477352,7.50,7.50,1,-44% dès 4,
2026-09-23,6646020,6.20,6.20,1,-20% dès 2,
2026-09-23,6884127,7.80,7.80,1,-44% dès 4,
2026-09-23,6884215,7.50,7.50,1,-44% dès 4,
2026-09-23,7027153,22.80,22.80,1,-44% dès 4,
2026-09-23,7127197,5.30,5.30,1,-20% dès 2,
2026-09-23,7134170,7.50,7.50,1,-20% dès 2,
2026-09-23,7139594,7.50,7.50,1,-44% dès 4,
2026-09-23,7273806,6.20,6.20,1,-20% dès 2,
2026-09-23,7513975,2.70,2.70,1,-20% dès 2,
2026-09-23,7529977,8.70,8.70,1,-44% dès 4,
2026-09-23,3051548,12.50,12.50,1,-25% dès 2,
2026-09-23,3369196,11.50,11.50,1,-25% dès 2,
2026-09-23,3406562,10.95,10.95,1,-25% dès 2,
2026-09-23,3507288,11.50,11.50,1,-25% dès 2,
2026-09-23,3582004,12.50,12.50,1,-25% dès 2,
2026-09-23,4016389,11.70,11.70,1,-25% dès 2,
2026-09-23,4441014,9.50,9.50,1,-25% dès 2,
2026-09-23,7385376,6.95,10.80,1,-35%,
2026-09-23,5797889,2.70,2.70,1,"3,85.- par 4",
2026-09-23,4846718,2.05,2.05,1,2+1,
2026-09-23,3080311,2.95,2.95,1,2+1,
2026-09-23,3030751,1.30,1.30,1,-44% dès 4,
2026-09-23,3031255,1.70,1.70,1,-44% dès 4,
2026-09-23,5818171,2.25,2.25,1,-44% dès 4,
2026-09-23,6108172,2.95,2.95,1,-44% dès 4,
2026-09-23,7512714,3.50,3.50,1,-30% dès 2,
2026-09-23,7512848,3.90,3.90,1,-30% dès 2,
2026-09-23,7462159,3.00,3.00,0,,
2026-09-23,3761398,4.00,6.00,1,-33%,
2026-09-23,5872191,16.95,16.95,0,,
2026-09-23,6439332,2.95,2.95,1,-44% dès 4,
2026-09-23,6439331,3.40,3.40,1,-44% dès 4,
2026-09-24,7041748,2.95,4.95,1,-40%,
2026-09-24,3946002,8.70,12.50,1,-30%,
2026-09-24,6651380,6.95,9.95,1,-30%,
2026-09-24,7481327,2.40,3.45,1,-30%,
2026-09-24,7048154,4.75,6.50,1,-26%,
2026-09-24,6495669,2.50,3.20,1,-21%,
2026-09-24,3090122,5.60,7.00,1,-20%,
2026-09-24,7609684,2.80,3.50,1,-20%,
2026-09-24,3090545,2.95,3.60,1,-18%,
2026-09-24,5756801,5.95,6.95,1,-14.0%,
2026-09-24,6869246,2.00,2.00,1,Super Prix,
2026-09-24,7003348,3.00,3.00,1,Super Prix,
2026-09-24,4118566,9.00,13.50,1,-33%,
2026-09-24,4446581,3.30,4.40,1,-25%,
2026-09-24,7438725,4.15,5.60,1,Online 25%,
2026-09-24,7195580,7.80,10.00,1,-22%,
2026-09-24,7234994,6.95,8.75,1,-20%,
2026-09-24,3080380,4.65,5.55,1,-16%,
2026-09-24,3423535,5.05,6.00,1,-16%,
2026-09-24,3623687,3.95,3.95,1,-20% dès 2,
2026-09-24,4198356,3.95,3.95,1,-20% dès 2,
2026-09-24,4495786,3.95,3.95,1,-20% dès 2,
2026-09-24,6706992,3.30,3.30,1,-44% dès 4,
2026-09-24,6865546,1.95,1.95,1,-44% dès 4,
2026-09-24,7078152,3.85,3.85,1,-20% dès 2,
2026-09-24,7121430,3.30,3.30,1,-44% dès 4,
2026-09-24,7258556,4.95,4.95,1,-44% dès 4,
2026-09-24,7305772,3.45,3.45,1,-44% dès 4,
2026-09-24,7400321,3.75,3.75,1,-30% dès 2,
2026-09-24,7462818,3.75,3.75,1,-44% dès 4,
2026-09-24,7471253,2.45,2.45,1,-44% dès 4,
2026-09-24,7500560,3.95,3.95,1,-20% dès 2,
2026-09-24,7518073,2.45,2.45,1,-44% dès 4,
2026-09-24,6323683,4.80,9.90,1,-51%,
2026-09-24,7322621,10.50,21.40,1,-50%,
2026-09-24,6477605,6.25,10.90,1,-42%,
2026-09-24,5747503,9.95,15.00,1,-33%,
2026-09-24,4117258,4.70,6.80,1,-30%,
2026-09-24,3061224,9.60,12.75,1,-24%,
2026-09-24,6401484,12.95,17.10,1,-24%,
2026-09-24,7290834,9.95,12.95,1,-23%,
2026-09-24,7290772,6.95,8.95,1,-22%,
2026-09-24,4674091,11.95,15.30,1,-21%,
2026-09-24,4679210,10.70,13.65,1,-21%,
2026-09-24,3060818,10.95,13.70,1,-20%,
2026-09-24,3061432,20.60,25.75,1,-20%,
2026-09-24,3066224,16.00,20.00,1,-20%,
2026-09-24,3066246,7.20,9.00,1,-20%,
2026-09-24,3066453,5.65,7.10,1,-20%,
2026-09-24,3066964,16.45,20.60,1,-20%,
2026-09-24,3067794,16.20,20.25,1,-20%,
2026-09-24,3348758,9.75,12.25,1,-20%,
2026-09-24,3400501,20.80,26.00,1,-20%,
2026-09-24,3478597,9.95,12.45,1,-20%,
2026-09-24,3624537,8.20,10.30,1,-20%,
2026-09-24,3742189,20.80,26.00,1,-20%,
2026-09-24,3927427,12.00,15.00,1,-20%,
2026-09-24,3927489,9.20,11.50,1,-20%,
2026-09-24,3927493,8.45,10.60,1,-20%,
2026-09-24,3927494,10.45,13.10,1,-20%,
2026-09-24,3928165,6.40,8.00,1,-20%,
2026-09-24,4031553,21.20,26.55,1,-20%,
2026-09-24,4493501,56.85,71.10,1,-20%,
2026-09-24,4687976,47.70,59.70,1,-20%,
2026-09-24,4688451,23.65,29.60,1,-20%,
2026-09-24,4833183,25.05,31.35,1,-20%,
2026-09-24,7080629,56.90,71.10,1,-20%,
2026-09-24,5627353,10.65,12.45,1,-14.0%,
2026-09-24,4653149,7.95,7.95,1,"7,95.- par 3",
2026-09-24,4831784,3.20,3.20,1,-20% dès 2,
2026-09-24,4892925,3.20,3.20,1,-20% dès 2,
2026-09-24,7276224,6.40,6.40,1,-20% dès 2,
2026-09-24,7276225,6.40,6.40,1,-20% dès 2,
2026-09-24,7532719,4.95,4.95,1,-20% dès 2,
2026-09-24,7000504,4.30,8.60,1,-50%,
2026-09-24,6798601,3.00,4.25,1,-29%,
2026-09-24,7229083,3.00,4.25,1,-29%,
2026-09-24,7482340,3.00,4.25,1,-29%,
2026-09-24,6472912,3.60,4.80,1,-25%,
2026-09-24,7457137,8.95,11.95,1,-25%,
2026-09-24,6754379,5.95,7.90,1,-24%,
2026-09-24,7563338,2.30,2.60,1,-11.0%,
2026-09-24,7558732,4.90,5.45,1,-10.0%,
2026-09-24,7566446,3.35,3.75,1,-10.0%,
2026-09-24,7569501,2.45,2.75,1,-10.0%,
2026-09-24,3930737,2.60,2.60,1,-20% dès 2,
2026-09-24,4445114,5.95,5.95,1,-20% dès 3,
2026-09-24,4689879,3.95,3.95,1,-20% dès 3,
2026-09-24,5719276,3.95,3.95,1,-20% dès 3,
2026-09-24,6116952,3.95,3.95,1,-20% dès 3,
2026-09-24,7117632,3.95,3.95,1,-20% dès 3,
2026-09-24,7500016,2.95,2.95,1,-20% dès 2,
2026-09-24,7510765,1.80,1.80,1,-20% dès 2,
2026-09-24,7510953,2.95,2.95,1,-20% dès 2,
2026-09-24,7510954,2.95,2.95,1,-20% dès 2,
2026-09-24,7607626,6.95,6.95,1,-20% dès 3,
2026-09-24,3816345,9.95,19.95,1,-50%,
2026-09-24,3644040,5.90,8.85,1,-33%,
2026-09-24,4486856,4.00,6.00,1,Online 33%,
2026-09-24,6497807,4.40,6.60,1,-33%,
2026-09-24,7351503,7.50,10.00,1,Online 25%,
2026-09-24,7518447,15.75,21.00,1,-25%,
2026-09-24,4453072,9.60,12.00,1,Online 20%,
2026-09-24,4940250,9.60,12.00,1,Online 20%,
2026-09-24,7527443,7.60,9.50,1,-20%,
2026-09-24,3022396,4.75,4.75,1,-20% dès 2,
2026-09-24,3050447,6.60,6.60,1,-50% dès 2,
2026-09-24,3712922,14.90,14.90,1,-20% dès 2,
2026-09-24,4705344,5.90,5.90,1,-20% dès 2,
2026-09-24,4831190,4.35,4.35,1,-20% dès 2,
2026-09-24,4919878,3.95,3.95,1,-20% dès 2,
2026-09-24,4932448,3.50,3.50,1,-44% dès 4,
2026-09-24,5602030,8.45,8.45,1,-25% dès 2,
2026-09-24,5763326,6.95,6.95,1,-20% dès 2,
2026-09-24,5806501,3.50,3.50,1,-20% dès 2,
2026-09-24,5854250,3.60,3.60,1,-30% dès 2,
2026-09-24,5869824,12.50,12.50,1,-50% dès 2,
2026-09-24,5935748,5.60,5.60,1,-25% dès 2,
2026-09-24,5935750,4.95,4.95,1,-25% dès 2,
2026-09-24,5991210,4.50,4.50,1,-20% dès 2,
2026-09-24,5994473,6.50,6.50,1,-20% dès 2,
2026-09-24,6024942,3.95,3.95,1,-20% dès 2,
2026-09-24,6024954,3.95,3.95,1,-20% dès 2,
2026-09-24,6024978,14.95,14.95,1,-20% dès 2,
2026-09-24,6047843,4.95,4.95,1,-44% dès 4,
2026-09-24,6047844,4.95,4.95,1,-44% dès 4,
2026-09-24,6047850,4.95,4.95,1,-44% dès 4,
2026-09-24,6047898,4.95,4.95,1,-44% dès 4,
2026-09-24,6047948,4.95,4.95,1,-44% dès 4,
2026-09-24,6048102,4.95,4.95,1,-44% dès 4,
2026-09-24,6076717,1.20,1.20,1,-20% dès 2,
2026-09-24,6076718,3.95,3.95,1,-20% dès 2,
2026-09-24,6098825,5.95,5.95,1,-20% dès 2,
2026-09-24,6102238,8.95,8.95,1,-20% dès 2,
2026-09-24,6105288,4.20,4.20,1,-20% dès 2,
2026-09-24,6230448,5.95,5.95,1,-20% dès 2,
2026-09-24,6240325,5.60,5.60,1,-20% dès 2,
2026-09-24,6254396,5.30,5.30,1,-20% dès 2,
2026-09-24,6254398,5.30,5.30,1,-20% dès 2,
2026-09-24,6254399,5.30,5.30,1,-20% dès 2,
2026-09-24,6254400,5.30,5.30,1,-20% dès 2,
2026-09-24,6266811,5.30,5.30,1,-20% dès 2,
2026-09-24,6290395,3.80,3.80,1,-20% dès 2,
2026-09-24,6316089,3.20,3.20,1,-20% dès 2,
2026-09-24,6328889,5.90,5.90,1,-20% dès 2,
2026-09-24,6328974,5.95,5.95,1,-20% dès 2,
2026-09-24,6336237,7.20,7.20,1,-20% dès 2,
2026-09-24,6347644,4.30,4.30,1,-20% dès 2,
2026-09-24,6387656,5.30,5.30,1,-20% dès 2,
2026-09-24,6387658,5.30,5.30,1,-20% dès 2,
2026-09-24,6469931,4.20,4.20,1,-20% dès 2,
2026-09-24,6485056,5.20,5.20,1,-20% dès 2,
2026-09-24,6519385,2.95,2.95,1,-20% dès 2,
2026-09-24,6520175,3.95,3.95,1,-44% dès 4,
2026-09-24,6543487,2.95,2.95,1,-20% dès 2,
2026-09-24,6548528,3.95,3.95,1,-20% dès 2,
2026-09-24,6561173,4.95,4.95,1,-25% dès 2,
2026-09-24,6575790,3.80,3.80,1,-30% dès 2,
2026-09-24,6585791,6.95,6.95,1,-20% dès 2,
2026-09-24,6638723,1.95,1.95,1,-30% dès 3,
2026-09-24,6638816,2.95,2.95,1,-30% dès 3,
2026-09-24,6639396,4.95,4.95,1,-20% dès 2,
2026-09-24,6658306,5.30,5.30,1,-20% dès 2,
2026-09-24,6660443,3.40,3.40,1,-20% dès 2,
2026-09-24,6660445,3.95,3.95,1,-20% dès 2,
2026-09-24,6694290,4.95,4.95,1,-30% dès 3,
2026-09-24,6702736,3.50,3.50,1,-33% dès 3,
2026-09-24,6703268,3.95,3.95,1,-33% dès 3,
2026-09-24,6703269,3.95,3.95,1,-33% dès 3,
2026-09-24,6703270,3.95,3.95,1,-33% dès 3,
2026-09-24,6705592,4.40,4.40,1,-33% dès 3,
2026-09-24,6710797,3.50,3.50,1,-33% dès 3,
2026-09-24,6711246,2.80,2.80,1,-20% dès 2,
2026-09-24,6776676,6.80,6.80,1,-44% dès 4,
2026-09-24,6799562,5.95,5.95,1,-20% dès 2,
2026-09-24,6799588,6.95,6.95,1,-20% dès 2,
2026-09-24,6813670,5.50,5.50,1,-20% dès 2,
2026-09-24,6813781,5.20,5.20,1,-20% dès 2,
2026-09-24,6813782,7.95,7.95,1,-20% dès 2,
2026-09-24,6840763,7.30,7.30,1,-25% dès 2,
2026-09-24,6843042,6.95,6.95,1,-20% dès 2,
2026-09-24,6847654,4.95,4.95,1,-20% dès 2,
2026-09-24,6850473,5.20,5.20,1,-20% dès 2,
2026-09-24,6862861,5.30,5.30,1,-20% dès 2,
2026-09-24,6862866,5.30,5.30,1,-20% dès 2,
2026-09-24,6977010,4.75,4.75,1,-20% dès 2,
2026-09-24,6983938,4.40,4.40,1,-20% dès 2,
2026-09-24,7027131,4.95,4.95,1,-20% dès 2,
2026-09-24,7043767,3.95,3.95,1,-30% dès 2,
2026-09-24,7077438,3.70,3.70,1,-20% dès 2,
2026-09-24,7077448,3.70,3.70,1,-20% dès 2,
2026-09-24,7078358,3.70,3.70,1,-20% dès 2,
2026-09-24,6694383,9.50,17.70,1,-46%,
2026-09-24,6695693,9.95,16.85,1,Online 40%,
2026-09-24,7561819,19.80,33.00,1,Online 40%,
2026-09-24,3154099,7.00,10.50,1,-33%,
2026-09-24,3154933,7.00,10.50,1,-33%,
2026-09-24,6032731,4.40,6.60,1,-33%,
2026-09-24,7521441,4.60,6.90,1,-33%,
2026-09-24,7533123,6.80,10.20,1,-33%,
2026-09-24,7553995,8.90,12.95,1,Online 31%,
2026-09-24,7578575,2.70,3.95,1,Online 31%,
2026-09-24,7521705,6.90,9.90,1,Online 30%,
2026-09-24,6566677,7.20,9.60,1,-25%,
2026-09-24,4134662,18.30,22.90,1,Online 20%,
2026-09-24,7393358,11.50,14.40,1,Online 20%,
2026-09-24,7545729,2.80,3.50,1,Online 20%,
2026-09-24,7551814,3.95,4.95,1,Online 20%,
2026-09-24,3002348,3.95,3.95,1,-30% dès 3,
2026-09-24,3002355,4.40,4.40,1,-30% dès 3,
2026-09-24,3002517,3.95,3.95,1,-30% dès 3,
2026-09-24,3003234,4.40,4.40,1,-30% dès 3,
2026-09-24,3460318,3.00,3.00,1,-20% dès 3,
2026-09-24,4092937,4.40,4.40,1,-30% dès 3,
2026-09-24,4957488,4.95,4.95,1,-30% dès 3,
2026-09-24,5750114,3.60,3.60,1,-20% dès 2,
2026-09-24,5835835,4.75,4.75,1,-25% dès 2,
2026-09-24,6232584,2.95,2.95,1,-25% dès 2,
2026-09-24,6340583,3.60,3.60,1,-44% dès 4,
2026-09-24,6378891,4.30,4.30,1,-44% dès 4,
2026-09-24,6520105,3.20,3.20,1,-25% dès 2,
2026-09-24,6638729,2.20,2.20,1,-30% dès 3,
2026-09-24,6638814,1.95,1.95,1,-30% dès 3,
2026-09-24,6639040,2.20,2.20,1,-30% dès 3,
2026-09-24,6639435,6.95,6.95,1,-30% dès 3,
2026-09-24,6639436,2.40,2.40,1,-30% dès 3,
2026-09-24,6694300,2.95,2.95,1,-30% dès 3,
2026-09-24,6694320,4.50,4.50,1,-30% dès 3,
2026-09-24,6708753,2.20,2.20,1,-30% dès 3,
2026-09-24,6708756,2.40,2.40,1,-30% dès 3,
2026-09-24,6798545,6.95,6.95,1,-30% dès 3,
2026-09-24,6875187,4.50,4.50,1,-30% dès 3,
2026-09-24,6989232,2.60,2.60,1,-30% dès 3,
2026-09-24,6995358,4.95,4.95,1,-30% dès 3,
2026-09-24,7111959,9.80,9.80,1,-30% dès 3,
2026-09-24,7123831,2.20,2.20,1,-30% dès 3,
2026-09-24,7171539,3.70,3.70,1,-20% dès 2,
2026-09-24,7273672,4.40,4.40,1,-30% dès 3,
2026-09-24,7275443,2.60,2.60,1,-30% dès 3,
2026-09-24,7275444,2.60,2.60,1,-30% dès 3,
2026-09-24,7276833,2.40,2.40,1,-30% dès 3,
2026-09-24,7278143,4.95,4.95,1,-20% dès 2,
2026-09-24,7288369,5.95,5.95,1,-30% dès 3,
2026-09-24,7295763,2.40,2.40,1,-30% dès 3,
2026-09-24,7308901,3.75,3.75,1,-44% dès 4,
2026-09-24,7309001,3.80,3.80,1,-20% dès 2,
2026-09-24,7312087,5.95,5.95,1,-44% dès 4,
2026-09-24,7386479,3.80,3.80,1,-44% dès 4,
2026-09-24,7389104,1.95,1.95,1,-30% dès 3,
2026-09-24,7400500,1.60,1.60,1,-30% dès 3,
2026-09-24,7402961,6.95,6.95,1,-30% dès 3,
2026-09-24,7417895,5.95,5.95,1,-30% dès 3,
2026-09-24,7418941,2.40,2.40,1,-30% dès 3,
2026-09-24,7427590,2.80,2.80,1,-44% dès 4,
2026-09-24,7443366,5.20,5.20,1,-30% dès 3,
2026-09-24,7443367,5.40,5.40,1,-30% dès 3,
2026-09-24,7443368,4.20,4.20,1,-30% dès 3,
2026-09-24,7450702,12.95,12.95,1,-30% dès 3,
2026-09-24,7450703,2.95,2.95,1,-30% dès 3,
2026-09-24,7462774,5.40,5.40,1,-44% dès 4,
2026-09-24,7487182,3.60,3.60,1,-44% dès 4,
2026-09-24,7488901,2.40,2.40,1,-30% dès 3,
2026-09-24,7488933,2.40,2.40,1,-30% dès 3,
2026-09-24,7520820,4.70,4.70,1,-30% dès 3,
2026-09-24,7524114,3.95,3.95,1,-30% dès 3,
2026-09-24,7541994,6.95,6.95,1,-30% dès 3,
2026-09-24,7543965,3.50,3.50,1,-25% dès 2,
2026-09-24,7543967,3.50,3.50,1,-25% dès 2,
2026-09-24,7543968,3.50,3.50,1,-25% dès 2,
2026-09-24,7545353,8.95,8.95,1,-30% dès 3,
2026-09-24,7556427,2.40,2.40,1,-30% dès 3,
2026-09-24,7556946,18.95,18.95,1,-25% dès 2,
2026-09-24,7501112,13.40,20.10,1,-33%,
2026-09-24,6789370,3.95,4.95,1,-20%,
2026-09-24,3698224,11.20,13.20,1,-15%,
2026-09-24,7588595,3.10,3.45,1,-10.0%,
2026-09-24,7588597,1.75,1.95,1,-10.0%,
2026-09-24,7588600,1.75,1.95,1,-10.0%,
2026-09-24,7588611,1.75,1.95,1,-10.0%,
2026-09-24,7588612,2.25,2.50,1,-10.0%,
2026-09-24,7588613,2.25,2.50,1,-10.0%,
2026-09-24,7588614,2.25,2.50,1,-10.0%,
2026-09-24,3010560,7.95,7.95,1,-44% dès 4,
2026-09-24,5779877,3.65,3.65,1,-20% dès 2,
2026-09-24,6123454,4.20,4.20,1,-20% dès 2,
2026-09-24,6977086,5.95,5.95,1,-44% dès 4,
2026-09-24,6977098,5.95,5.95,1,-44% dès 4,
2026-09-24,7040953,6.75,6.75,1,-20% dès 2,
2026-09-24,7221551,5.95,5.95,1,-20% dès 2,
2026-09-24,7309134,4.20,4.20,1,-20% dès 2,
2026-09-24,7309135,3.65,3.65,1,-20% dès 2,
2026-09-24,7327316,5.95,5.95,1,-44% dès 4,
2026-09-24,7332688,4.70,4.70,1,-44% dès 4,
2026-09-24,7332689,5.70,5.70,1,-44% dès 4,
2026-09-24,7332721,5.70,5.70,1,-44% dès 4,
2026-09-24,7332723,4.70,4.70,1,-44% dès 4,
2026-09-24,7342128,7.95,7.95,1,-44% dès 4,
2026-09-24,7349686,5.80,5.80,1,-20% dès 2,
2026-09-24,7350292,9.90,9.90,1,"4,95.- par 3",
2026-09-24,7391015,8.50,8.50,1,-44% dès 4,
2026-09-24,7413580,5.50,5.50,1,-44% dès 4,
2026-09-24,7423010,4.50,4.50,1,-20% dès 2,
2026-09-24,7439226,4.95,4.95,1,-20% dès 2,
2026-09-24,7439227,4.95,4.95,1,-20% dès 2,
2026-09-24,7452949,4.70,4.70,1,-44% dès 4,
2026-09-24,7504627,5.50,5.50,1,-20% dès 2,
2026-09-24,7510816,3.95,3.95,1,-44% dès 4,
2026-09-24,7516243,6.95,6.95,1,-44% dès 4,
2026-09-24,7554554,3.95,3.95,1,-20% dès 2,
2026-09-24,7567588,4.95,4.95,1,-20% dès 2,
2026-09-24,7571950,4.95,4.95,1,-20% dès 2,
2026-09-24,4275916,26.95,54.00,1,-50%,
2026-09-24,3404069,8.20,14.70,1,-44%,
2026-09-24,3404076,8.20,14.70,1,-44%,
2026-09-24,7268182,8.20,14.70,1,-44%,
2026-09-24,7268325,8.20,14.70,1,-44%,
2026-09-24,3378115,12.95,22.20,1,-41%,
2026-09-24,7268776,11.95,20.50,1,-41%,
2026-09-24,6034470,9.00,13.50,1,-33%,
2026-09-24,6587301,8.95,13.50,1,-33%,
2026-09-24,6740099,9.00,13.50,1,-33%,
2026-09-24,7268654,10.00,15.00,1,-33%,
2026-09-24,7397236,9.00,13.50,1,-33%,
2026-09-24,3374705,6.95,9.30,1,-25%,
2026-09-24,6042931,4.50,6.00,1,-25%,
2026-09-24,7268328,6.95,9.30,1,-25%,
2026-09-24,7404627,4.80,6.40,1,-25%,
2026-09-24,7404824,4.80,6.40,1,-25%,
2026-09-24,7472732,4.80,6.40,1,-25%,
2026-09-24,4814629,4.70,5.90,1,-20%,
2026-09-24,7519655,5.35,5.95,1,-10.0%,
2026-09-24,7543139,4.45,4.95,1,-10.0%,
2026-09-24,7553121,17.95,19.95,1,Online,
2026-09-24,3050688,5.70,5.70,1,-44% dès 4,
2026-09-24,3643499,6.20,6.20,1,-20% dès 2,
2026-09-24,4365671,4.95,4.95,1,-20% dès 2,
2026-09-24,4365676,4.95,4.95,1,-20% dès 2,
2026-09-24,4863272,4.50,4.50,1,-20% dès 2,
2026-09-24,4947855,11.95,11.95,1,-25% dès 2,
2026-09-24,4948693,12.95,12.95,1,-25% dès 2,
2026-09-24,5742960,8.95,8.95,1,-25% dès 2,
2026-09-24,5744861,9.95,9.95,1,-25% dès 2,
2026-09-24,5855156,14.95,14.95,1,-25% dès 2,
2026-09-24,5897142,6.60,6.60,1,-44% dès 4,
2026-09-24,6390707,9.50,9.50,1,-25% dès 2,
2026-09-24,6507848,11.95,11.95,1,-25% dès 2,
2026-09-24,6646122,6.95,6.95,1,-20% dès 2,
2026-09-24,6717402,14.95,14.95,1,-25% dès 2,
2026-09-24,6718191,11.95,11.95,1,-25% dès 2,
2026-09-24,6815351,15.30,15.30,1,-25% dès 2,
2026-09-24,6820168,6.20,6.20,1,-20% dès 2,
2026-09-24,6863957,8.95,8.95,1,-25% dès 2,
2026-09-24,6867759,9.50,9.50,1,-25% dès 2,
2026-09-24,6884188,7.80,7.80,1,-44% dès 4,
2026-09-24,7112086,11.95,11.95,1,-25% dès 2,
2026-09-24,7114411,11.95,11.95,1,-25% dès 2,
2026-09-24,7186728,11.95,11.95,1,-25% dès 2,
2026-09-24,7241164,11.95,11.95,1,-25% dès 2,
2026-09-24,7249855,11.50,11.50,1,-25% dès 2,
2026-09-24,7253413,9.50,9.50,1,-25% dès 2,
2026-09-24,7253414,9.50,9.50,1,-25% dès 2,
2026-09-24,7268433,5.95,5.95,1,-44% dès 4,
2026-09-24,7398992,6.60,6.60,1,-44% dès 4,
2026-09-24,7399007,6.60,6.60,1,-44% dès 4,
2026-09-24,7495202,12.95,12.95,1,-25% dès 2,
2026-09-24,7495205,7.95,7.95,1,-25% dès 2,
2026-09-24,7495207,8.50,8.50,1,-25% dès 2,
2026-09-24,7497181,10.50,10.50,1,-25% dès 2,
2026-09-24,7513976,2.70,2.70,1,-20% dès 2,
2026-09-24,7521063,10.50,10.50,1,-25% dès 2,
2026-09-24,7529975,8.70,8.70,1,-44% dès 4,
2026-09-24,7533505,8.95,8.95,1,-25% dès 2,
2026-09-24,7533507,12.95,12.95,1,-25% dès 2,
2026-09-24,7558205,8.70,8.70,0,,
2026-09-24,3020362,8.50,8.50,0,,
2026-09-24,7177864,6.60,6.60,0,,
2026-09-24,7177862,6.60,6.60,0,,
2026-09-24,3081176,1.95,1.95,0,,
2026-09-24,7564397,2.20,2.20,0,,
2026-09-24,7548530,4.50,4.50,0,,
2026-09-24,7497540,1.95,1.95,0,,
2026-09-24,3080329,2.50,2.50,0,,
2026-09-24,4011172,3.75,3.75,0,,
2026-09-24,3941482,3.95,3.95,0,,
2026-09-24,7428386,3.25,3.25,0,,
2026-09-24,4379853,2.95,2.95,0,,
2026-09-24,3362117,11.50,11.50,0,,
2026-09-24,7200318,3.20,3.20,0,,
2026-09-24,7200239,5.20,5.20,0,,
2026-09-24,7033073,2.45,2.45,0,,
2026-09-24,6328853,2.50,2.50,0,,
2026-09-24,7546668,2.95,2.95,0,,
2026-09-24,7002919,4.20,4.20,0,,
2026-09-24,7003231,4.20,4.20,0,,
2026-09-24,7253900,4.20,4.20,0,,
2026-09-24,7085455,4.95,4.95,0,,
2026-09-24,6495966,3.60,3.60,0,,
2026-09-24,3090520,2.45,2.45,0,,
2026-09-24,7462159,4.80,4.80,0,,
2026-09-24,7160275,1.50,1.50,0,,
2026-09-24,6661619,1.65,1.65,0,,
2026-09-24,4967037,1.80,1.80,0,,
2026-09-24,7180422,2.70,2.70,0,,
2026-09-24,3020095,9.00,9.00,0,,
2026-09-24,6963310,2.40,2.40,0,,
2026-09-24,6963392,2.40,2.40,0,,
2026-09-24,7421865,29.95,29.95,0,,
2026-09-24,7431580,11.95,11.95,0,,
2026-09-24,3024017,15.95,15.95,0,,
2026-09-24,6316789,14.95,14.95,0,,
2026-09-24,6333817,14.95,14.95,0,,
2026-09-25,7471726,14.90,24.90,1,Online 40%,
2026-09-25,6556933,11.35,15.15,1,-25%,
2026-09-25,7427132,23.50,29.90,1,-21%,
2026-09-25,3438152,11.95,20.85,1,-42%,
2026-09-25,7571778,7.20,12.25,1,-41%,
2026-09-25,3064251,6.15,7.00,1,-12.0%,
2026-09-25,3376085,1.95,3.30,1,Online 40%,
2026-09-25,5905704,6.30,10.50,1,Online 40%,
2026-09-25,6041209,2.75,4.60,1,Online 40%,
2026-09-25,6164930,1.50,2.50,1,Online 40%,
2026-09-25,6485904,2.35,3.95,1,Online 40%,
2026-09-25,6643252,2.95,4.95,1,Online 40%,
2026-09-25,6736444,0.90,1.50,1,Online 40%,
2026-09-25,7301238,5.35,8.95,1,Online 40%,
2026-09-25,7301240,5.35,8.95,1,Online 40%,
2026-09-25,7301311,5.35,8.95,1,Online 40%,
2026-09-25,7301312,5.35,8.95,1,Online 40%,
2026-09-25,7301317,5.35,8.95,1,Online 40%,
2026-09-25,7301326,11.95,19.95,1,Online 40%,
2026-09-25,7323014,1.40,2.35,1,Online 40%,
2026-09-25,7323017,1.40,2.35,1,Online 40%,
2026-09-25,7325570,2.95,4.95,1,Online 40%,
2026-09-25,7365426,2.55,4.30,1,Online 40%,
2026-09-25,7418703,2.35,3.95,1,Online 40%,
2026-09-25,7444879,11.95,19.95,1,Online 40%,
2026-09-25,7446255,19.75,32.95,1,Online 40%,
2026-09-25,7471625,4.75,7.95,1,Online 40%,
2026-09-25,3000739,1.90,3.20,1,Online 40%,
2026-09-25,3000760,3.20,5.40,1,Online 40%,
2026-09-25,3003948,2.35,3.95,1,Online 40%,
2026-09-25,3374736,1.90,3.20,1,Online 40%,
2026-09-25,3380459,2.10,3.50,1,Online 40%,
2026-09-25,3486167,1.90,3.20,1,Online 40%,
2026-09-25,3551224,3.20,5.40,1,Online 40%,
2026-09-25,3656375,4.05,6.75,1,Online 40%,
2026-09-25,6089723,1.75,2.95,1,Online 40%,
2026-09-25,6502747,2.95,4.95,1,Online 40%,
2026-09-25,6822719,1.95,3.25,1,Online 40%,
2026-09-25,7075924,1.75,2.95,1,Online 40%,
2026-09-25,7075925,1.75,2.95,1,Online 40%,
2026-09-25,7082941,1.75,2.95,1,Online 40%,
2026-09-25,7120779,5.95,9.95,1,Online 40%,
2026-09-25,7302992,2.80,4.70,1,Online 40%,
2026-09-25,7521254,3.55,5.95,1,Online 40%,
2026-09-25,7555796,4.60,7.70,1,Online 40%,
2026-09-25,7314143,1.10,1.90,1,Online 42%,
2026-09-25,7185242,2.60,4.40,1,Online 40%,
2026-09-25,7382079,1.25,2.10,1,Online 40%,
2026-09-25,7105658,1.40,2.40,1,Online 41%,
2026-09-25,6587232,7.90,13.20,1,Online 40%,
2026-09-25,6864850,29.50,49.20,1,Online 40%,
2026-09-25,6997851,3.30,5.50,1,Online 40%,
2026-09-25,7041104,3.55,5.95,1,Online 40%,
2026-09-25,7041114,3.55,5.95,1,Online 40%,
2026-09-25,7113683,7.15,11.95,1,Online 40%,
2026-09-25,7260469,1.90,3.20,1,Online 40%,
2026-09-25,7444140,1.90,3.20,1,Online 40%,
2026-09-25,7516292,4.15,6.95,1,Online 40%,
2026-09-25,7516874,5.95,9.95,1,Online 40%,
2026-09-25,7521915,16.70,27.90,1,Online 40%,
2026-09-25,7545911,11.35,18.95,1,Online 40%,
2026-09-25,7547946,3.95,6.60,1,Online 40%,
2026-09-25,6589707,17.50,25.00,1,Online 30%,
2026-09-25,7516488,9.65,9.65,0,,
2026-09-25,4411747,16.25,16.25,0,,
2026-09-25,3080830,2.40,2.40,0,,
2026-09-25,7077406,4.50,4.50,0,,
2026-09-26,3946002,7.50,12.50,1,-40%,
2026-09-26,6785500,14.50,19.90,1,-27%,
2026-09-26,6016393,7.65,9.60,1,-20%,
2026-09-26,7366405,19.60,39.20,1,-50%,
2026-09-26,6528757,14.95,22.05,1,-32%,
2026-09-26,6375641,29.95,43.80,1,-31%,
2026-09-26,7550055,7.80,7.80,0,,
2026-09-26,4045427,2.70,2.70,0,,
2026-09-26,5648871,17.95,17.95,0,,
2026-09-27,6813670,5.50,5.50,1,-20% dès 2,
2026-09-27,7077406,4.50,4.50,0,,
2026-09-27,7018317,2.85,2.85,0,,
2026-09-27,5872191,16.95,16.95,0,,
2026-09-28,3919084,7.75,12.95,1,-40%,
2026-09-28,4781119,11.50,11.50,1,-40% dès 2,
2026-09-28,5712517,3.40,3.40,1,-40% dès 2,
2026-09-28,6540281,8.50,8.50,1,-40% dès 2,
2026-09-28,6813781,5.20,5.20,1,-20% dès 2,
2026-09-28,6813782,7.95,7.95,1,-20% dès 2,
2026-09-28,6840763,7.30,7.30,1,-25% dès 2,
2026-09-28,6843042,6.95,6.95,1,-20% dès 2,
2026-09-28,6847654,4.95,4.95,1,-20% dès 2,
2026-09-28,3602524,12.90,12.90,1,-40% dès 2,
2026-09-28,3885302,11.95,11.95,1,-33% dès 2,
2026-09-28,3885304,19.95,19.95,1,-33% dès 2,
2026-09-28,3885306,19.95,19.95,1,-33% dès 2,
2026-09-28,3885976,19.95,19.95,1,-33% dès 2,
2026-09-28,4541903,8.40,8.40,1,-40% dès 2,
2026-09-28,4596961,8.40,8.40,1,-40% dès 2,
2026-09-28,4596964,8.40,8.40,1,-40% dès 2,
2026-09-28,4647135,4.50,4.50,1,-33% dès 2,
2026-09-28,4647170,4.50,4.50,1,-33% dès 2,
2026-09-28,4647171,4.50,4.50,1,-33% dès 2,
2026-09-28,4781062,11.50,11.50,1,-40% dès 2,
2026-09-28,4782864,11.50,11.50,1,-40% dès 2,
2026-09-28,4793142,12.90,12.90,1,-40% dès 2,
2026-09-28,4793402,12.90,12.90,1,-40% dès 2,
2026-09-28,4793429,9.90,9.90,1,-40% dès 2,
2026-09-28,4846292,36.50,36.50,1,-33% dès 2,
2026-09-28,4944549,5.40,5.40,1,-40% dès 2,
2026-09-28,4944551,5.70,5.70,1,-40% dès 2,
2026-09-28,4955622,36.50,36.50,1,-33% dès 2,
2026-09-28,4967278,9.90,9.90,1,-40% dès 2,
2026-09-28,5712370,1.95,1.95,1,-40% dès 2,
2026-09-28,5712519,2.35,2.35,1,-40% dès 2,
2026-09-28,5712581,4.20,4.20,1,-40% dès 2,
2026-09-28,5753536,9.90,9.90,1,-40% dès 2,
2026-09-28,5874757,39.95,39.95,1,-33% dès 2,
2026-09-28,5874759,39.95,39.95,1,-33% dès 2,
2026-09-28,5883182,21.95,21.95,1,-33% dès 2,
2026-09-28,5883184,21.95,21.95,1,-33% dès 2,
2026-09-28,6077484,4.95,4.95,1,-33% dès 2,
2026-09-28,6086622,8.40,8.40,1,-40% dès 2,
2026-09-28,6119682,12.50,12.50,1,-33% dès 2,
2026-09-28,6295257,8.40,8.40,1,-40% dès 2,
2026-09-28,6307383,11.50,11.50,1,-40% dès 2,
2026-09-28,6470418,4.95,4.95,1,-33% dès 2,
2026-09-28,6470419,4.95,4.95,1,-33% dès 2,
2026-09-28,6540129,7.90,7.90,1,-40% dès 2,
2026-09-28,6540253,7.90,7.90,1,-40% dès 2,
2026-09-28,6540258,8.50,8.50,1,-40% dès 2,
2026-09-28,6540549,14.95,14.95,1,-40% dès 2,
2026-09-28,6540592,14.95,14.95,1,-40% dès 2,
2026-09-28,6584360,7.50,7.50,1,-40% dès 2,
2026-09-28,6584364,11.95,11.95,1,-40% dès 2,
2026-09-28,6584367,11.95,11.95,1,-40% dès 2,
2026-09-28,6584370,7.50,7.50,1,-40% dès 2,
2026-09-28,6584415,7.50,7.50,1,-40% dès 2,
2026-09-28,6728131,7.50,7.50,1,-40% dès 2,
2026-09-28,6741085,7.50,7.50,1,-40% dès 2,
2026-09-28,6741089,7.50,7.50,1,-40% dès 2,
2026-09-28,6741231,7.50,7.50,1,-40% dès 2,
2026-09-28,6746266,17.95,17.95,1,-40% dès 2,
2026-09-28,6746267,17.95,17.95,1,-40% dès 2,
2026-09-28,6846710,8.40,8.40,1,-40% dès 2,
2026-09-28,6968520,11.40,11.40,1,-40% dès 2,
2026-09-28,7003941,19.95,19.95,1,-33% dès 2,
2026-09-28,7025919,4.50,4.50,1,-33% dès 2,
2026-09-28,7025920,4.50,4.50,1,-33% dès 2,
2026-09-28,7026021,4.50,4.50,1,-33% dès 2,
2026-09-28,7026024,4.50,4.50,1,-33% dès 2,
2026-09-28,7026026,4.50,4.50,1,-33% dès 2,
2026-09-28,7026028,4.50,4.50,1,-33% dès 2,
2026-09-28,7076501,11.50,11.50,1,-40% dès 2,
2026-09-28,7133556,9.90,9.90,1,-40% dès 2,
2026-09-28,7149162,12.50,12.50,1,-33% dès 2,
2026-09-28,7149165,12.50,12.50,1,-33% dès 2,
2026-09-28,7159463,9.90,9.90,1,-40% dès 2,
2026-09-28,7222259,8.40,8.40,1,-40% dès 2,
2026-09-28,7222519,8.40,8.40,1,-40% dès 2,
2026-09-28,7225071,21.95,21.95,1,-33% dès 2,
2026-09-28,7245279,5.35,5.35,1,-40% dès 2,
2026-09-28,7251196,23.95,23.95,1,-33% dès 2,
2026-09-28,7251200,23.95,23.95,1,-33% dès 2,
2026-09-28,7261797,10.50,10.50,1,-40% dès 2,
2026-09-28,7261800,10.50,10.50,1,-40% dès 2,
2026-09-28,7319881,17.95,17.95,1,-40% dès 2,
2026-09-28,7347128,11.50,11.50,1,-40% dès 2,
2026-09-28,7368285,15.60,15.60,1,-40% dès 2,
2026-09-28,7368287,15.60,15.60,1,-40% dès 2,
2026-09-28,7420924,11.70,11.70,1,-40% dès 2,
2026-09-28,7471524,16.95,16.95,1,-33% dès 2,
2026-09-28,7471525,16.95,16.95,1,-33% dès 2,
2026-09-28,7478523,8.40,8.40,1,-40% dès 2,
2026-09-28,7491519,17.95,17.95,1,-40% dès 2,
2026-09-28,5869824,12.50,12.50,0,,
2026-09-29,7518949,1.70,2.90,1,Online 41%,
2026-09-29,3504377,6.10,7.35,1,-17%,
2026-09-29,4966121,13.80,23.00,1,Online 40%,
2026-09-29,6658164,13.95,20.85,1,-33%,
2026-09-29,6850473,5.20,5.20,1,-20% dès 2,
2026-09-29,6674761,5.50,8.60,1,-36%,
2026-09-29,7406655,9.95,9.95,1,-30% dès 3,
2026-09-29,7406656,9.95,9.95,1,-30% dès 3,
2026-09-29,7366563,3.15,3.15,0,,
2026-09-30,6883014,5.50,6.50,1,-15%,
2026-09-30,3090600,5.80,6.80,1,-14.0%,
2026-09-30,6303848,3.15,3.70,1,-14.0%,
2026-09-30,3627204,3.55,3.55,1,20x Superpoints,
2026-09-30,6754884,1.95,1.95,1,20x Superpoints,
2026-09-30,7003348,4.95,4.95,1,Super Prix,
2026-09-30,7342461,3.20,3.20,1,20x Superpoints,
2026-09-30,7498244,1.60,3.25,1,-50%,
2026-09-30,7498245,1.60,3.25,1,-50%,
2026-09-30,7311229,19.40,32.40,1,-40%,
2026-09-30,7564288,7.35,10.50,1,-30%,
2026-09-30,6333943,5.20,6.95,1,-25%,
2026-09-30,6333974,5.20,6.95,1,-25%,
2026-09-30,6556933,11.35,15.15,1,-25%,
2026-09-30,7187469,5.45,7.35,1,-25%,
2026-09-30,7315862,7.00,9.00,1,-22%,
2026-09-30,3080347,5.50,7.00,1,-21%,
2026-09-30,3080348,5.60,7.10,1,-21%,
2026-09-30,3080510,5.50,7.00,1,-21%,
2026-09-30,7459261,3.95,5.00,1,-21%,
2026-09-30,3080416,6.30,7.90,1,-20%,
2026-09-30,3080430,7.20,9.00,1,-20%,
2026-09-30,3080910,6.00,7.50,1,-20%,
2026-09-30,3080986,6.45,8.10,1,-20%,
2026-09-30,3668813,5.60,7.00,1,-20%,
2026-09-30,4011282,5.25,6.60,1,-20%,
2026-09-30,4017813,7.10,8.90,1,-20%,
2026-09-30,4849720,6.45,8.10,1,-20%,
2026-09-30,4890519,5.85,7.35,1,-20%,
2026-09-30,6388274,6.60,8.25,1,-20%,
2026-09-30,7120144,5.25,6.60,1,-20%,
2026-09-30,7311527,15.95,19.95,1,-20%,
2026-09-30,7342674,9.75,12.30,1,-20%,
2026-09-30,7372580,6.15,7.70,1,-20%,
2026-09-30,7027675,8.95,11.00,1,-18%,
2026-09-30,7285703,22.95,27.90,1,-17%,
2026-09-30,5777319,9.95,11.90,1,-16%,
2026-09-30,4643770,7.00,8.30,1,-15%,
2026-09-30,7268065,8.25,9.75,1,-15%,
2026-09-30,6850515,16.35,19.20,1,-14.0%,
2026-09-30,6858179,16.35,19.20,1,-14.0%,
2026-09-30,6858302,16.35,19.20,1,-14.0%,
2026-09-30,7514298,16.35,19.20,1,-14.0%,
2026-09-30,3080382,2.95,2.95,1,-20% dès 2,
2026-09-30,3428669,1.80,1.80,1,-20% dès 2,
2026-09-30,3556908,3.95,3.95,1,-20% dès 2,
2026-09-30,4217660,1.80,1.80,1,-20% dès 2,
2026-09-30,6547795,2.90,2.90,1,-20% dès 2,
2026-09-30,6631486,1.95,1.95,1,-20% dès 2,
2026-09-30,6788090,2.60,2.60,1,-20% dès 2,
2026-09-30,7044903,2.95,2.95,1,-20% dès 2,
2026-09-30,7046606,2.95,2.95,1,-20% dès 2,
2026-09-30,7046608,3.95,3.95,1,-20% dès 2,
2026-09-30,7046609,5.60,5.60,1,-20% dès 2,
2026-09-30,7171194,2.95,2.95,1,-20% dès 2,
2026-09-30,7285131,13.95,13.95,1,"4,95.- par 2",
2026-09-30,7298108,9.95,9.95,1,"3,95.- par 2",
2026-09-30,7343975,1.95,1.95,1,-20% dès 2,
2026-09-30,7515567,1.30,1.30,1,-20% dès 2,
2026-09-30,7529462,4.80,4.80,1,-20% dès 2,
2026-09-30,7536390,4.85,4.85,1,-20% dès 2,
2026-09-30,7536681,3.75,3.75,1,-20% dès 2,
2026-09-30,7126974,11.90,23.85,1,-50%,
2026-09-30,7280467,28.00,56.00,1,-50%,
2026-09-30,7250192,15.95,29.90,1,-46%,
2026-09-30,3481706,9.95,17.25,1,-42%,
2026-09-30,7280468,19.10,33.40,1,-42%,
2026-09-30,7214287,19.25,32.45,1,-40%,
2026-09-30,7214555,20.50,34.50,1,-40%,
2026-09-30,7214560,28.50,47.50,1,-40%,
2026-09-30,7216591,19.25,32.45,1,-40%,
2026-09-30,4029704,8.70,13.20,1,-34%,
2026-09-30,7449258,6.90,10.35,1,-33%,
2026-09-30,6528757,14.95,22.05,1,-32%,
2026-09-30,3876590,11.70,17.10,1,-31%,
2026-09-30,7449257,9.90,14.40,1,-31%,
2026-09-30,6288259,9.85,14.20,1,-30%,
2026-09-30,6734436,16.95,24.45,1,-30%,
2026-09-30,7374173,14.90,21.30,1,-30%,
2026-09-30,3413655,9.95,13.90,1,-28%,
2026-09-30,6876570,14.95,21.00,1,-28%,
2026-09-30,3667685,10.70,14.85,1,-27%,
2026-09-30,3819925,4.95,6.80,1,-27%,
2026-09-30,4062566,17.00,22.75,1,-25%,
2026-09-30,4933027,12.95,17.40,1,-25%,
2026-09-30,6570396,11.70,15.60,1,-25%,
2026-09-30,7586831,5.90,7.90,1,-25%,
2026-09-30,6024012,9.45,12.35,1,-23%,
2026-09-30,6697806,9.90,13.00,1,-23%,
2026-09-30,3600663,8.95,11.50,1,-22%,
2026-09-30,3060818,10.80,13.70,1,-21%,
2026-09-30,3066212,6.45,8.25,1,-21%,
2026-09-30,3348659,6.10,7.75,1,-21%,
2026-09-30,3348758,9.60,12.25,1,-21%,
2026-09-30,3478597,9.80,12.45,1,-21%,
2026-09-30,3390637,6.00,7.65,1,-20%,
2026-09-30,3394208,10.70,13.50,1,-20%,
2026-09-30,3442705,10.40,13.10,1,-20%,
2026-09-30,5892208,8.95,11.25,1,-20%,
2026-09-30,7026611,11.60,14.55,1,-20%,
2026-09-30,7411515,4.50,5.25,1,-14.0%,
2026-09-30,4105823,26.25,29.75,1,-11.0%,
2026-09-30,3066718,9.30,10.35,1,-10.0%,
2026-09-30,4105868,21.45,23.25,1,-7.0%,
2026-09-30,3515423,18.95,18.95,1,-50% par 2,
2026-09-30,3757181,3.25,3.25,1,20x Superpoints,
2026-09-30,7465007,3.60,7.50,1,-52%,
2026-09-30,7455566,2.90,5.80,1,-50%,
2026-09-30,6099142,5.40,8.40,1,-35%,
2026-09-30,6099147,5.40,8.40,1,-35%,
2026-09-30,5908951,3.90,5.90,1,-33%,
2026-09-30,6104289,2.75,3.95,1,-30%,
2026-09-30,6102963,6.95,8.95,1,-22%,
2026-09-30,4287115,2.60,3.30,1,-21%,
2026-09-30,7572931,3.55,3.95,1,-10.0%,
2026-09-30,3626108,1.70,1.70,1,-20% dès 2,
2026-09-30,4004924,1.95,1.95,1,-20% dès 2,
2026-09-30,4287291,0.90,0.90,1,-20% dès 2,
2026-09-30,4835222,2.70,2.70,1,-20% dès 2,
2026-09-30,5620342,3.70,3.70,1,-30% dès 2,
2026-09-30,5625096,3.20,3.20,1,20x Superpoints,
2026-09-30,6338745,2.95,2.95,1,20x Superpoints,
2026-09-30,6529966,1.20,1.20,1,-20% dès 2,
2026-09-30,6529967,1.20,1.20,1,-20% dès 2,
2026-09-30,6628849,2.30,2.30,1,-33% dès 3,
2026-09-30,6629584,2.30,2.30,1,-33% dès 3,
2026-09-30,6629585,2.20,2.20,1,-33% dès 3,
2026-09-30,6851493,0.80,0.80,1,-20% dès 2,
2026-09-30,6989304,2.95,2.95,1,20x Superpoints,
2026-09-30,7031407,3.50,3.50,1,-30% dès 2,
2026-09-30,7180111,3.60,3.60,1,-20% dès 2,
2026-09-30,7180687,3.60,3.60,1,-20% dès 2,
2026-09-30,7199637,1.85,1.85,1,-20% dès 2,
2026-09-30,7200243,1.95,1.95,1,-20% dès 2,
2026-09-30,7200244,1.95,1.95,1,-20% dès 2,
2026-09-30,7238684,2.20,2.20,1,-33% dès 3,
2026-09-30,7240870,3.95,3.95,1,-30% dès 2,
2026-09-30,7305743,2.70,2.70,1,-20% dès 2,
2026-09-30,7346551,1.50,1.50,1,-20% dès 2,
2026-09-30,7346555,1.50,1.50,1,-20% dès 2,
2026-09-30,7348473,2.50,2.50,1,-20% dès 2,
2026-09-30,7366316,1.20,1.20,1,-20% dès 2,
2026-09-30,7366318,0.95,0.95,1,-20% dès 2,
2026-09-30,7399611,2.50,2.50,1,-52% dès 3,
2026-09-30,7400393,1.20,1.20,1,-20% dès 2,
2026-09-30,7400400,1.95,1.95,1,-20% dès 2,
2026-09-30,7440982,1.95,1.95,1,-20% dès 2,
2026-09-30,7444546,2.50,2.50,1,-20% dès 2,
2026-09-30,7444547,2.50,2.50,1,-20% dès 2,
2026-09-30,7452967,3.60,3.60,1,-20% dès 2,
2026-09-30,7510625,1.20,1.20,1,-20% dès 2,
2026-09-30,7541198,3.30,3.30,1,-21% dès 2,
2026-09-30,3742130,10.95,18.50,1,-40%,
2026-09-30,7125966,5.90,8.85,1,-33%,
2026-09-30,7126782,5.90,8.85,1,-33%,
2026-09-30,7127265,5.90,8.85,1,-33%,
2026-09-30,7380506,5.90,8.85,1,-33%,
2026-09-30,7380507,5.90,8.85,1,-33%,
2026-09-30,3020909,16.55,23.70,1,-30%,
2026-09-30,7153395,8.25,11.80,1,-30%,
2026-09-30,7153396,6.95,10.00,1,-30%,
2026-09-30,7153397,9.85,14.10,1,-30%,
2026-09-30,3414099,6.95,9.30,1,-25%,
2026-09-30,3642569,7.45,9.95,1,-25%,
2026-09-30,3665450,7.85,10.50,1,-25%,
2026-09-30,4043837,6.30,8.40,1,-25%,
2026-09-30,5621377,4.10,5.50,1,-25%,
2026-09-30,5621610,4.10,5.50,1,-25%,
2026-09-30,5753861,5.95,7.95,1,-25%,
2026-09-30,6316330,11.85,15.80,1,-25%,
2026-09-30,6316381,11.85,15.80,1,-25%,
2026-09-30,3020192,6.20,7.80,1,Online 20%,
2026-09-30,3022375,5.90,7.40,1,-20%,
2026-09-30,4105146,4.95,6.20,1,-20%,
2026-09-30,6113169,6.20,7.80,1,Online 20%,
2026-09-30,7244742,8.75,10.95,1,-20%,
2026-09-30,7244748,6.85,8.60,1,-20%,
2026-09-30,7244801,13.55,16.95,1,-20%,
2026-09-30,4882054,6.60,7.20,1,-8.0%,
2026-09-30,3020288,2.70,2.70,1,-20% dès 2,
2026-09-30,3020408,3.10,3.10,1,-20% dès 2,
2026-09-30,3020421,8.80,8.80,1,-20% dès 2,
2026-09-30,3020422,8.80,8.80,1,-20% dès 2,
2026-09-30,3020424,4.00,4.00,1,-20% dès 2,
2026-09-30,3020435,19.85,19.85,1,-20% dès 2,
2026-09-30,3020734,24.95,24.95,1,-20% dès 2,
2026-09-30,3020735,19.95,19.95,1,-20% dès 2,
2026-09-30,3020757,2.20,2.20,1,-20% dès 2,
2026-09-30,3020807,3.35,3.35,1,-20% dès 2,
2026-09-30,3020883,2.95,2.95,1,-20% dès 2,
2026-09-30,3021101,2.20,2.20,1,-20% dès 2,
2026-09-30,3021414,4.95,4.95,1,-20% dès 2,
2026-09-30,3021592,2.70,2.70,1,-20% dès 2,
2026-09-30,3021688,8.80,8.80,1,-20% dès 2,
2026-09-30,3021689,19.95,19.95,1,-20% dès 2,
2026-09-30,3021690,19.95,19.95,1,-20% dès 2,
2026-09-30,3022001,4.40,4.40,1,-20% dès 2,
2026-09-30,3022284,2.50,2.50,1,-20% dès 2,
2026-09-30,3022285,2.50,2.50,1,-20% dès 2,
2026-09-30,3022287,2.20,2.20,1,-20% dès 2,
2026-09-30,3022288,2.50,2.50,1,-20% dès 2,
2026-09-30,3022289,2.20,2.20,1,-20% dès 2,
2026-09-30,3022290,2.50,2.50,1,-20% dès 2,
2026-09-30,3022293,2.20,2.20,1,-20% dès 2,
2026-09-30,3022294,2.50,2.50,1,-20% dès 2,
2026-09-30,3022295,2.50,2.50,1,-20% dès 2,
2026-09-30,3022296,2.20,2.20,1,-20% dès 2,
2026-09-30,3022298,4.00,4.00,1,-20% dès 2,
2026-09-30,3022299,8.80,8.80,1,-20% dès 2,
2026-09-30,3022306,19.85,19.85,1,-20% dès 2,
2026-09-30,3022310,3.00,3.00,1,-20% dès 2,
2026-09-30,3022311,2.70,2.70,1,-20% dès 2,
2026-09-30,3022314,2.80,2.80,1,-20% dès 2,
2026-09-30,3022315,1.95,1.95,1,-20% dès 2,
2026-09-30,3022317,1.95,1.95,1,-20% dès 2,
2026-09-30,3022319,1.95,1.95,1,-20% dès 2,
2026-09-30,3022320,1.95,1.95,1,-20% dès 2,
2026-09-30,3022321,2.20,2.20,1,-20% dès 2,
2026-09-30,3022322,4.20,4.20,1,-20% dès 2,
2026-09-30,3022324,2.10,2.10,1,-20% dès 2,
2026-09-30,3022335,16.50,16.50,1,-20% dès 2,
2026-09-30,3022344,4.20,4.20,1,-20% dès 2,
2026-09-30,3022365,3.50,3.50,1,-20% dès 2,
2026-09-30,3022368,3.40,3.40,1,-20% dès 2,
2026-09-30,3022382,4.50,4.50,1,-20% dès 2,
2026-09-30,3022392,8.95,8.95,1,-20% dès 2,
2026-09-30,3022405,9.50,9.50,1,-20% dès 2,
2026-09-30,3022406,4.00,4.00,1,-20% dès 2,
2026-09-30,3022414,7.95,7.95,1,-20% dès 2,
2026-09-30,3022415,3.40,3.40,1,-20% dès 2,
2026-09-30,3022416,4.50,4.50,1,-20% dès 2,
2026-09-30,3022417,4.50,4.50,1,-20% dès 2,
2026-09-30,3022448,3.90,3.90,1,-20% dès 2,
2026-09-30,3022484,2.50,2.50,1,-20% dès 2,
2026-09-30,3022497,4.95,4.95,1,-20% dès 2,
2026-09-30,3022510,2.20,2.20,1,-20% dès 2,
2026-09-30,3022511,2.20,2.20,1,-20% dès 2,
2026-09-30,3022552,7.20,7.20,1,-20% dès 2,
2026-09-30,3022589,2.20,2.20,1,-20% dès 2,
2026-09-30,3022590,2.20,2.20,1,-20% dès 2,
2026-09-30,3022635,2.20,2.20,1,-20% dès 2,
2026-09-30,3022642,2.50,2.50,1,-20% dès 2,
2026-09-30,3022669,2.50,2.50,1,-20% dès 2,
2026-09-30,3022765,4.30,4.30,1,-20% dès 2,
2026-09-30,3022826,2.70,2.70,1,-20% dès 2,
2026-09-30,3022827,2.55,2.55,1,-20% dès 2,
2026-09-30,3022832,2.20,2.20,1,-20% dès 2,
2026-09-30,3022937,3.90,3.90,1,-20% dès 2,
2026-09-30,3023044,2.20,2.20,1,-20% dès 2,
2026-09-30,3023082,2.20,2.20,1,-20% dès 2,
2026-09-30,3023177,6.60,6.60,1,-20% dès 2,
2026-09-30,3023204,5.50,5.50,1,-20% dès 2,
2026-09-30,3023508,3.50,3.50,1,-20% dès 2,
2026-09-30,3023510,3.50,3.50,1,-20% dès 2,
2026-09-30,3023966,4.95,4.95,1,-20% dès 2,
2026-09-30,3023971,2.50,2.50,1,-20% dès 2,
2026-09-30,3024202,7.20,7.20,1,-20% dès 2,
2026-09-30,3030533,3.90,3.90,1,-20% dès 2,
2026-09-30,3030534,3.90,3.90,1,-20% dès 2,
2026-09-30,3030535,4.95,4.95,1,-20% dès 2,
2026-09-30,3030782,5.20,5.20,1,-20% dès 2,
2026-09-30,3031823,8.30,8.30,1,-30% dès 2,
2026-09-30,3031909,2.45,2.45,1,-20% dès 2,
2026-09-30,3031954,6.70,6.70,1,-30% dès 2,
2026-09-30,3031969,3.80,3.80,1,-20% dès 2,
2026-09-30,3031970,4.50,4.50,1,-20% dès 2,
2026-09-30,3031971,5.95,5.95,1,-20% dès 2,
2026-09-30,3032209,4.95,4.95,1,-20% dès 2,
2026-09-30,3032293,7.50,7.50,1,-30% dès 2,
2026-09-30,3033173,4.95,4.95,1,-20% dès 2,
2026-09-30,3360461,3.10,3.10,1,-20% dès 2,
2026-09-30,3360462,3.30,3.30,1,-20% dès 2,
2026-09-30,3375771,4.95,4.95,1,-20% dès 2,
2026-09-30,3397827,2.20,2.20,1,-20% dès 2,
2026-09-30,3398109,2.30,2.30,1,-20% dès 2,
2026-09-30,3398110,3.80,3.80,1,-20% dès 2,
2026-09-30,3407524,4.95,4.95,1,-20% dès 2,
2026-09-30,3407525,4.95,4.95,1,-20% dès 2,
2026-09-30,3409803,1.90,1.90,1,-20% dès 2,
2026-09-30,3531572,2.40,2.40,1,-20% dès 2,
2026-09-30,3531753,2.40,2.40,1,-20% dès 2,
2026-09-30,3551327,3.20,3.20,1,-20% dès 2,
2026-09-30,3559211,5.25,5.25,1,-20% dès 2,
2026-09-30,3565904,3.20,3.20,1,-20% dès 2,
2026-09-30,3565934,4.95,4.95,1,-20% dès 2,
2026-09-30,3604133,14.35,14.35,1,-31% dès 2,
2026-09-30,6106759,14.95,29.90,1,-50%,
2026-09-30,3476903,4.80,8.05,1,-40%,
2026-09-30,3476970,4.80,8.05,1,-40%,
2026-09-30,4320861,5.40,9.10,1,-40%,
2026-09-30,7224469,5.90,9.85,1,Online 40%,
2026-09-30,7243899,5.40,9.10,1,-40%,
2026-09-30,6840632,8.50,13.50,1,-37%,
2026-09-30,4048315,21.50,32.70,1,-34%,
2026-09-30,5713238,13.95,21.30,1,-34%,
2026-09-30,7180732,10.95,16.75,1,-34%,
2026-09-30,7421123,3.95,5.40,1,-26%,
2026-09-30,7450152,11.95,14.95,1,-20%,
2026-09-30,3002342,3.20,3.20,1,-30% dès 3,
2026-09-30,3002974,3.80,3.80,1,-30% dès 3,
2026-09-30,3496571,1.95,1.95,1,-30% dès 3,
2026-09-30,3649881,2.20,2.20,1,-30% dès 3,
2026-09-30,3649882,2.20,2.20,1,-30% dès 3,
2026-09-30,3726452,2.50,2.50,1,-25% dès 2,
2026-09-30,4021125,1.95,1.95,1,20x Superpoints,
2026-09-30,4441233,4.35,4.35,1,-30% dès 3,
2026-09-30,4828286,2.95,2.95,1,-30% dès 3,
2026-09-30,4828287,2.95,2.95,1,-30% dès 3,
2026-09-30,5866402,1.95,1.95,1,-30% dès 3,
2026-09-30,5878143,2.20,2.20,1,-30% dès 3,
2026-09-30,5878145,2.25,2.25,1,-30% dès 3,
2026-09-30,5878150,3.95,3.95,1,-30% dès 3,
2026-09-30,5878631,3.95,3.95,1,-30% dès 3,
2026-09-30,5974520,3.80,3.80,1,-30% dès 3,
2026-09-30,5975192,3.95,3.95,1,-30% dès 3,
2026-09-30,6019506,2.70,2.70,1,-30% dès 3,
2026-09-30,6067542,4.20,4.20,1,-30% dès 3,
2026-09-30,6067543,4.20,4.20,1,-30% dès 3,
2026-09-30,6089699,2.95,2.95,1,-30% dès 3,
2026-09-30,6089722,2.95,2.95,1,-30% dès 3,
2026-09-30,6105092,2.95,2.95,1,-30% dès 3,
2026-09-30,6131390,3.40,3.40,1,-30% dès 3,
2026-09-30,6301443,3.40,3.40,1,-30% dès 3,
2026-09-30,6323667,3.60,3.60,1,-30% dès 3,
2026-09-30,6406829,2.95,2.95,1,-30% dès 3,
2026-09-30,6409423,2.95,2.95,1,-30% dès 3,
2026-09-30,6409613,2.95,2.95,1,-30% dès 3,
2026-09-30,6483130,1.25,1.25,1,-20% dès 2,
2026-09-30,6582035,4.35,4.35,1,-30% dès 3,
2026-09-30,6620538,2.50,2.50,1,-30% dès 3,
2026-09-30,6622771,3.50,3.50,1,-30% dès 3,
2026-09-30,6622772,3.50,3.50,1,-30% dès 3,
2026-09-30,6636383,2.95,2.95,1,-30% dès 3,
2026-09-30,6636385,2.95,2.95,1,-30% dès 3,
2026-09-30,6636386,2.95,2.95,1,-30% dès 3,
2026-09-30,6715960,2.70,2.70,1,-25% dès 2,
2026-09-30,6718443,2.95,2.95,1,-30% dès 3,
2026-09-30,6814815,2.95,2.95,1,-30% dès 3,
2026-09-30,6999403,3.60,3.60,1,-30% dès 3,
2026-09-30,6999404,3.50,3.50,1,-30% dès 3,
2026-09-30,6999406,3.60,3.60,1,-30% dès 3,
2026-09-30,7000059,2.95,2.95,1,-30% dès 3,
2026-09-30,7000151,2.95,2.95,1,-30% dès 3,
2026-09-30,7043275,3.60,3.60,1,-30% dès 3,
2026-09-30,7043277,3.45,3.45,1,-30% dès 3,
2026-09-30,7075925,2.95,2.95,1,-30% dès 3,
2026-09-30,7091030,3.20,3.20,1,-30% dès 3,
2026-09-30,7095237,4.40,4.40,1,-30% dès 3,
2026-09-30,7111702,3.25,3.25,1,-30% dès 3,
2026-09-30,7120585,2.50,2.50,1,-30% dès 3,
2026-09-30,6977082,6.20,11.90,1,-47%,
2026-09-30,6977083,6.20,11.90,1,-47%,
2026-09-30,6977087,6.20,11.90,1,-47%,
2026-09-30,6608742,14.95,24.95,1,-40%,
2026-09-30,6644874,16.95,25.45,1,-33%,
2026-09-30,6100689,12.95,19.00,1,-31%,
2026-09-30,3409263,5.95,8.60,1,-30%,
2026-09-30,3888583,9.95,13.90,1,-28%,
2026-09-30,5948863,9.95,13.90,1,-28%,
2026-09-30,7261501,9.95,13.50,1,-26%,
2026-09-30,3887521,5.90,7.90,1,-25%,
2026-09-30,7369914,10.50,13.90,1,-24%,
2026-09-30,3448400,5.95,7.80,1,-23%,
2026-09-30,3640114,4.75,5.95,1,-20%,
2026-09-30,5642708,5.55,6.95,1,-20%,
2026-09-30,7299187,6.35,7.95,1,-20%,
2026-09-30,3010144,10.50,10.50,1,-30% dès 2,
2026-09-30,3276724,9.50,9.50,1,-20% dès 2,
2026-09-30,3349114,5.95,5.95,1,-20% dès 2,
2026-09-30,3409657,1.90,1.90,1,-20% dès 2,
2026-09-30,3409804,1.90,1.90,1,-20% dès 2,
2026-09-30,3578941,4.40,4.40,1,-20% dès 2,
2026-09-30,3682000,7.35,7.35,1,-20% dès 2,
2026-09-30,3682100,9.95,9.95,1,-20% dès 2,
2026-09-30,4498441,1.90,1.90,1,-20% dès 2,
2026-09-30,4907967,7.95,7.95,1,20x Superpoints,
2026-09-30,5882748,3.20,3.20,1,-20% dès 2,
2026-09-30,5896773,8.95,8.95,1,-30% dès 2,
2026-09-30,6034496,8.95,8.95,1,-20% dès 2,
2026-09-30,6034535,7.95,7.95,1,-20% dès 2,
2026-09-30,6279967,6.95,6.95,1,-20% dès 2,
2026-09-30,6304875,4.40,4.40,1,-20% dès 2,
2026-09-30,6352082,4.40,4.40,1,-20% dès 2,
2026-09-30,6359936,8.95,8.95,1,-30% dès 2,
2026-09-30,6361564,3.45,3.45,1,-20% dès 2,
2026-09-30,6472918,10.95,10.95,1,-20% dès 2,
2026-09-30,6552128,9.95,9.95,1,-30% dès 2,
2026-09-30,6552130,10.50,10.50,1,-30% dès 2,
2026-09-30,6552478,10.50,10.50,1,-30% dès 2,
2026-09-30,6552511,9.95,9.95,1,-30% dès 2,
2026-09-30,6609045,3.20,3.20,1,-20% dès 2,
2026-09-30,6692387,9.50,9.50,1,-30% dès 2,
2026-09-30,6716250,7.95,7.95,1,-30% dès 2,
2026-09-30,6825339,10.95,10.95,1,-20% dès 2,
2026-09-30,6860535,8.95,8.95,1,-30% dès 2,
2026-09-30,7016110,3.45,3.45,1,-20% dès 2,
2026-09-30,7016115,3.45,3.45,1,-20% dès 2,
2026-09-30,7041158,5.95,5.95,1,-20% dès 2,
2026-09-30,7128538,9.30,9.30,1,-20% dès 2,
2026-09-30,7185180,4.40,4.40,1,-20% dès 2,
2026-09-30,7193929,6.95,6.95,1,-20% dès 2,
2026-09-30,7196369,5.95,5.95,1,-20% dès 2,
2026-09-30,7202611,3.45,3.45,1,-20% dès 2,
2026-09-30,7202612,3.45,3.45,1,-20% dès 2,
2026-09-30,7231798,3.95,3.95,1,-20% dès 2,
2026-09-30,7240965,9.95,9.95,1,-30% dès 2,
2026-09-30,7240966,9.95,9.95,1,-30% dès 2,
2026-09-30,7240968,9.95,9.95,1,-30% dès 2,
2026-09-30,7240969,8.95,8.95,1,-30% dès 2,
2026-09-30,7265303,11.10,11.10,1,-30% dès 2,
2026-09-30,7314142,2.10,2.10,1,-20% dès 2,
2026-09-30,7314143,1.90,1.90,1,-20% dès 2,
2026-09-30,7314145,3.20,3.20,1,-20% dès 2,
2026-09-30,7314147,3.20,3.20,1,-20% dès 2,
2026-09-30,7315915,7.95,7.95,1,-30% dès 2,
2026-09-30,7315916,7.90,7.90,1,-30% dès 2,
2026-09-30,7369754,11.50,11.50,1,-30% dès 2,
2026-09-30,7382079,2.10,2.10,1,-20% dès 2,
2026-09-30,7451418,4.95,4.95,1,-25% dès 2,
2026-09-30,7451420,4.95,4.95,1,-25% dès 2,
2026-09-30,7461445,5.95,5.95,1,-20% dès 2,
2026-09-30,7489263,7.95,7.95,1,-30% dès 2,
2026-09-30,7489361,9.95,9.95,1,-30% dès 2,
2026-09-30,7489410,8.50,8.50,1,-30% dès 2,
2026-09-30,7489512,7.95,7.95,1,-30% dès 2,
2026-09-30,7518001,7.95,7.95,1,-30% dès 2,
2026-09-30,7258218,19.95,42.00,1,-52%,
2026-09-30,3377791,27.60,55.20,1,-50%,
2026-09-30,3458809,15.85,31.75,1,-50%,
2026-09-30,6433711,26.40,52.80,1,-50%,
2026-09-30,6707522,21.90,43.80,1,-50%,
2026-09-30,4814608,3.50,5.90,1,-40%,
2026-09-30,4814629,3.50,5.90,1,-40%,
2026-09-30,6582790,20.95,35.20,1,-40%,
2026-09-30,6814879,28.60,47.80,1,-40%,
2026-09-30,3358840,9.95,14.95,1,-33%,
2026-09-30,3358841,9.95,14.95,1,-33%,
2026-09-30,3358842,9.95,14.95,1,-33%,
2026-09-30,7256011,9.95,14.95,1,-33%,
2026-09-30,6375641,29.95,43.80,1,-31%,
2026-09-30,7556709,12.95,18.80,1,Online 31%,
2026-09-30,3051920,6.95,9.30,1,-25%,
2026-09-30,3414100,6.95,9.30,1,-25%,
2026-09-30,3654969,4.45,5.95,1,-25%,
2026-09-30,4330836,4.45,5.95,1,-25%,
2026-09-30,5756426,4.45,5.95,1,-25%,
2026-09-30,6339864,4.45,5.95,1,-25%,
2026-09-30,6339865,4.45,5.95,1,-25%,
2026-09-30,7255529,6.95,9.30,1,-25%,
2026-09-30,7478525,5.70,6.60,1,-13.0%,
2026-09-30,7471699,6.30,7.20,1,-12.0%,
2026-09-30,7610204,1.05,1.20,1,-12.0%,
2026-09-30,7610206,1.05,1.20,1,-12.0%,
2026-09-30,3031743,6.95,6.95,1,-25% dès 2,
2026-09-30,3031962,3.90,3.90,1,-30% dès 2,
2026-09-30,3031964,3.90,3.90,1,-30% dès 2,
2026-09-30,3032021,4.35,4.35,1,-25% dès 2,
2026-09-30,3032250,3.90,3.90,1,-30% dès 2,
2026-09-30,3032389,4.35,4.35,1,-25% dès 2,
2026-09-30,3032461,6.95,6.95,1,-25% dès 2,
2026-09-30,3033556,9.95,9.95,1,-30% dès 3,
2026-09-30,3050172,6.40,6.40,1,-50% dès 2,
2026-09-30,3050173,6.40,6.40,1,-50% dès 2,
2026-09-30,3050493,6.95,6.95,1,-30% dès 2,
2026-09-30,3374743,14.35,14.35,1,-31% dès 2,
2026-09-30,3374915,14.35,14.35,1,-31% dès 2,
2026-09-30,3411614,9.95,9.95,1,-30% dès 3,
2026-09-30,3411615,9.95,9.95,1,-30% dès 3,
2026-09-30,3413915,9.95,9.95,1,-30% dès 3,
2026-09-30,3475861,4.95,4.95,1,-33% dès 2,
2026-09-30,3584518,6.40,6.40,1,-50% dès 2,
2026-09-30,3725958,4.30,4.30,1,20x Superpoints,
2026-09-30,4016740,11.95,11.95,1,-30% dès 3,
2026-09-30,4291153,11.70,11.70,1,-30% dès 2,
2026-09-30,4294306,9.30,9.30,1,-30% dès 2,
2026-09-30,4355669,4.30,4.30,1,-30% dès 2,
2026-09-30,4357987,4.30,4.30,1,-30% dès 2,
2026-09-30,4357988,4.30,4.30,1,-30% dès 2,
2026-09-30,4357996,4.30,4.30,1,-30% dès 2,
2026-09-30,4358271,4.80,4.80,1,-30% dès 2,
2026-09-30,4372751,4.80,4.80,1,-30% dès 2,
2026-09-30,4793937,4.95,4.95,1,-33% dès 2,
2026-09-30,4798746,4.80,4.80,1,-30% dès 2,
2026-09-30,4845508,13.95,13.95,1,-30% dès 3,
2026-09-30,4949444,8.50,8.50,1,-30% dès 3,
2026-09-30,4951070,14.50,14.50,1,-30% dès 3,
2026-09-30,5646067,4.80,4.80,1,-30% dès 2,
2026-09-30,5649208,8.60,8.60,1,-25% dès 2,
2026-09-30,5649209,8.60,8.60,1,-25% dès 2,
2026-09-30,5649221,8.60,8.60,1,-25% dès 2,
2026-09-30,5756011,2.40,2.40,1,20x Superpoints,
2026-09-30,5756091,2.60,2.60,1,20x Superpoints,
2026-09-30,5779709,9.50,9.50,1,-30% dès 3,
2026-09-30,5828448,14.40,14.40,1,-33% dès 2,
2026-09-30,5828572,14.40,14.40,1,-33% dès 2,
2026-09-30,5830317,4.80,4.80,1,-30% dès 2,
2026-09-30,5831261,6.60,6.60,1,-30% dès 2,
2026-09-30,5831262,6.60,6.60,1,-30% dès 2,
2026-09-30,5831300,6.60,6.60,1,-30% dès 2,
2026-09-30,5831388,6.60,6.60,1,-30% dès 2,
2026-09-30,5831613,6.60,6.60,1,-30% dès 2,
2026-09-30,5840564,8.60,8.60,1,-25% dès 2,
2026-09-30,5854812,8.50,8.50,1,-30% dès 3,
2026-09-30,5897590,14.95,14.95,1,-33% dès 2,
2026-09-30,6045194,8.95,8.95,1,-30% dès 3,
2026-09-30,6047579,19.90,19.90,1,-30% dès 3,
2026-09-30,6096131,13.95,13.95,1,-25% dès 2,
2026-09-30,6097192,12.95,12.95,1,-30% dès 3,
2026-09-30,6099196,13.95,13.95,1,-25% dès 2,
2026-09-30,6100093,8.95,8.95,1,-30% dès 3,
2026-09-30,6100096,9.50,9.50,1,-30% dès 3,
2026-09-30,6275181,4.80,4.80,1,-30% dès 2,
2026-09-30,6348972,8.95,8.95,1,-30% dès 3,
2026-09-30,6349655,13.95,13.95,1,-25% dès 2,
2026-09-30,6356454,11.70,11.70,1,-30% dès 2,
2026-09-30,6356566,11.70,11.70,1,-30% dès 2,
2026-09-30,6376035,6.60,6.60,1,-30% dès 2,
2026-09-30,6387411,9.95,9.95,1,-30% dès 3,
2026-09-30,6451268,5.50,5.50,1,-30% dès 2,
2026-09-30,6451434,5.50,5.50,1,-30% dès 2,
2026-09-30,6451436,5.50,5.50,1,-30% dès 2,
2026-09-30,6451438,5.50,5.50,1,-30% dès 2,
2026-09-30,6451501,5.50,5.50,1,-30% dès 2,
2026-09-30,6451504,5.50,5.50,1,-30% dès 2,
2026-09-30,6451510,5.50,5.50,1,-30% dès 2,
2026-09-30,6451665,5.95,5.95,1,-30% dès 2,
2026-09-30,6460739,13.20,13.20,1,-30% dès 3,
2026-09-30,6460981,11.40,11.40,1,-30% dès 3,
2026-09-30,6497068,7.50,7.50,1,-30% dès 2,
2026-09-30,6507844,7.95,7.95,1,-30% dès 3,
2026-09-30,6536334,7.60,7.60,1,-40% dès 2,
2026-09-30,6536336,7.60,7.60,1,-40% dès 2,
2026-09-30,6561701,13.95,13.95,1,-25% dès 2,
2026-09-30,6570976,11.70,11.70,1,-30% dès 2,
2026-09-30,6584506,2.50,2.50,1,-22% dès 2,
2026-09-30,6644679,6.60,6.60,1,-30% dès 2,
2026-09-30,6644680,6.60,6.60,1,-30% dès 2,
2026-09-30,6644999,4.80,4.80,1,-30% dès 2,
2026-09-30,6679843,11.30,11.30,1,-30% dès 3,
2026-09-30,6699008,9.95,9.95,1,-30% dès 3,
2026-09-30,6716865,13.95,13.95,1,-25% dès 2,
2026-09-30,6717396,10.50,10.50,1,-30% dès 3,
2026-09-30,7518949,5.80,5.80,0,,
2026-09-30,4085075,4.60,4.60,1,-20% dès 2,
2026-09-30,4085076,4.80,4.80,1,-20% dès 2,
2026-09-30,4085071,5.50,5.50,1,-20% dès 2,
2026-09-30,4750780,5.95,5.95,1,-20% dès 2,
2026-09-30,4741174,6.80,6.80,1,-20% dès 2,
2026-10-01,3090149,2.95,4.95,1,-40%,
2026-10-01,7615387,3.95,5.95,1,-33%,
2026-10-01,7050654,1.50,2.20,1,-31%,
2026-10-01,6651406,4.40,5.95,1,-26%,
2026-10-01,3090136,2.60,3.50,1,-25%,
2026-10-01,6869105,2.60,3.50,1,-25%,
2026-10-01,7040292,5.95,7.95,1,-25%,
2026-10-01,7136881,2.95,3.95,1,-25%,
2026-10-01,7321646,2.95,3.95,1,-25%,
2026-10-01,4143765,6.95,8.95,1,-22%,
2026-10-01,3090625,3.60,4.50,1,-20%,
2026-10-01,3509081,1.55,1.95,1,-20%,
2026-10-01,6688736,3.95,4.95,1,-20%,
2026-10-01,4864330,2.00,2.00,1,Super Prix,
2026-10-01,7164988,1.00,1.00,1,Super Prix,
2026-10-01,7489039,4.50,4.50,1,10x Superpoints,
2026-10-01,4446577,3.30,4.60,1,-28%,
2026-10-01,4446581,3.30,4.60,1,-28%,
2026-10-01,6110600,3.30,4.60,1,-28%,
2026-10-01,7563293,10.95,13.95,1,-21%,
2026-10-01,4643770,6.60,7.80,1,-15%,
2026-10-01,6850515,16.95,19.80,1,-14.0%,
2026-10-01,6858179,16.95,19.80,1,-14.0%,
2026-10-01,6858302,16.95,19.80,1,-14.0%,
2026-10-01,7514298,16.95,19.80,1,-14.0%,
2026-10-01,7571198,4.25,4.25,1,-20% dès 2,
2026-10-01,7612300,21.75,38.00,1,-42%,
2026-10-01,7214560,28.50,48.00,1,-40%,
2026-10-01,7582595,10.25,17.20,1,-40%,
2026-10-01,7332580,7.95,9.95,1,-20%,
2026-10-01,3390905,4.55,4.55,1,-30% dès 2,
2026-10-01,3541890,3.75,3.75,1,-30% dès 2,
2026-10-01,7520628,3.90,3.90,1,-30% dès 2,
2026-10-01,3606419,5.20,5.20,1,-20% dès 2,
2026-10-01,3709789,3.15,3.15,1,-20% dès 2,
2026-10-01,3709790,2.70,2.70,1,-20% dès 2,
2026-10-01,3709793,2.70,2.70,1,-20% dès 2,
2026-10-01,3709794,2.70,2.70,1,-20% dès 2,
2026-10-01,3709795,2.70,2.70,1,-20% dès 2,
2026-10-01,3714832,21.95,21.95,1,-20% dès 2,
2026-10-01,3714833,19.95,19.95,1,-20% dès 2,
2026-10-01,3737123,4.95,4.95,1,-20% dès 2,
2026-10-01,3891294,4.95,4.95,1,-20% dès 2,
2026-10-01,3891297,4.95,4.95,1,-20% dès 2,
2026-10-01,3930750,2.50,2.50,1,20x Superpoints,
2026-10-01,4012188,3.75,3.75,1,-20% dès 2,
2026-10-01,4050542,3.70,3.70,1,-20% dès 2,
2026-10-01,4055291,3.20,3.20,1,-20% dès 2,
2026-10-01,4055294,3.20,3.20,1,-20% dès 2,
2026-10-01,4055295,3.20,3.20,1,-20% dès 2,
2026-10-01,4140852,3.90,3.90,1,-20% dès 2,
2026-10-01,4164003,2.20,2.20,1,20x Superpoints,
2026-10-01,4307757,3.90,3.90,1,-20% dès 2,
2026-10-01,4366075,9.60,9.60,1,-30% dès 2,
2026-10-01,4417542,2.75,2.75,1,-20% dès 2,
2026-10-01,4434067,3.30,3.30,1,-20% dès 2,
2026-10-01,4484382,9.50,9.50,1,-20% dès 2,
2026-10-01,4732384,5.10,5.10,1,-20% dès 2,
2026-10-01,4807638,2.55,2.55,1,-20% dès 2,
2026-10-01,4807659,2.70,2.70,1,-20% dès 2,
2026-10-01,4813316,3.80,3.80,1,-22% dès 2,
2026-10-01,4881004,3.75,3.75,1,-20% dès 2,
2026-10-01,5620454,2.95,2.95,1,-20% dès 2,
2026-10-01,5664398,2.50,2.50,1,-20% dès 2,
2026-10-01,5684398,8.30,8.30,1,-30% dès 2,
2026-10-01,5802750,2.80,2.80,1,-20% dès 2,
2026-10-01,5854433,4.50,4.50,1,-20% dès 2,
2026-10-01,6010940,2.95,2.95,1,-20% dès 2,
2026-10-01,6010951,2.95,2.95,1,-20% dès 2,
2026-10-01,6010952,2.95,2.95,1,-20% dès 2,
2026-10-01,6010953,2.95,2.95,1,-20% dès 2,
2026-10-01,6010954,2.95,2.95,1,-20% dès 2,
2026-10-01,6012266,3.95,3.95,1,-20% dès 2,
2026-10-01,6024942,3.95,3.95,1,-20% dès 2,
2026-10-01,4092937,3.95,3.95,1,-30% dès 3,
2026-10-01,4446651,3.95,3.95,1,-30% dès 3,
2026-10-01,6561715,3.95,3.95,1,-30% dès 3,
2026-10-01,7122885,3.50,3.50,1,20x Superpoints,
2026-10-01,7123831,2.20,2.20,1,-30% dès 3,
2026-10-01,7138190,2.95,2.95,1,-30% dès 3,
2026-10-01,7138711,2.40,2.40,1,-30% dès 3,
2026-10-01,7142964,8.50,8.50,1,-30% dès 3,
2026-10-01,7152203,2.40,2.40,1,-30% dès 3,
2026-10-01,7171539,3.70,3.70,1,-30% dès 3,
2026-10-01,7180388,2.50,2.50,1,-30% dès 3,
2026-10-01,7180389,2.50,2.50,1,-30% dès 3,
2026-10-01,7180390,2.50,2.50,1,-30% dès 3,
2026-10-01,7189931,3.40,3.40,1,-30% dès 3,
2026-10-01,7189932,3.40,3.40,1,-30% dès 3,
2026-10-01,7192520,2.75,2.75,1,-25% dès 2,
2026-10-01,7192649,2.70,2.70,1,-30% dès 3,
2026-10-01,7192650,2.70,2.70,1,-30% dès 3,
2026-10-01,7192811,2.70,2.70,1,-30% dès 3,
2026-10-01,7192812,2.70,2.70,1,-30% dès 3,
2026-10-01,7275443,2.60,2.60,1,-30% dès 3,
2026-10-01,7275444,2.60,2.60,1,-30% dès 3,
2026-10-01,7276833,2.40,2.40,1,-30% dès 3,
2026-10-01,7288369,5.95,5.95,1,-30% dès 3,
2026-10-01,7290842,2.50,2.50,1,-30% dès 3,
2026-10-01,7290845,2.60,2.60,1,-30% dès 3,
2026-10-01,7294799,2.50,2.50,1,-30% dès 3,
2026-10-01,7295763,2.40,2.40,1,-30% dès 3,
2026-10-01,7297517,2.75,2.75,1,-25% dès 2,
2026-10-01,7324404,3.40,3.40,1,-30% dès 3,
2026-10-01,7324408,3.40,3.40,1,-30% dès 3,
2026-10-01,7333770,2.60,2.60,1,-30% dès 3,
2026-10-01,7400500,1.60,1.60,1,-30% dès 3,
2026-10-01,7402961,6.95,6.95,1,-30% dès 3,
2026-10-01,7406655,9.95,9.95,1,-30% dès 3,
2026-10-01,7406656,9.95,9.95,1,-30% dès 3,
2026-10-01,7417895,5.95,5.95,1,-30% dès 3,
2026-10-01,7418941,2.40,2.40,1,-30% dès 3,
2026-10-01,7488901,2.40,2.40,1,-30% dès 3,
2026-10-01,7488933,2.40,2.40,1,-30% dès 3,
2026-10-01,7490157,3.50,3.50,1,20x Superpoints,
2026-10-01,7520820,4.70,4.70,1,-30% dès 3,
2026-10-01,7524114,3.95,3.95,1,-30% dès 3,
2026-10-01,6977082,8.90,11.90,1,-25%,
2026-10-01,6977083,8.90,11.90,1,-25%,
2026-10-01,6977087,8.90,11.90,1,-25%,
2026-10-01,6484652,6.95,6.95,1,-25% dès 2,
2026-10-01,6977081,5.95,5.95,1,-25% dès 2,
2026-10-01,6977084,5.95,5.95,1,-25% dès 2,
2026-10-01,6977086,5.95,5.95,1,-25% dès 2,
2026-10-01,6977088,5.95,5.95,1,-25% dès 2,
2026-10-01,6977098,5.95,5.95,1,-25% dès 2,
2026-10-01,6977101,4.95,4.95,1,-25% dès 2,
2026-10-01,7136459,9.50,9.50,1,-30% dès 2,
2026-10-01,7327316,5.95,5.95,1,-25% dès 2,
2026-10-01,7055317,5.95,11.95,1,Online 50%,
2026-10-01,3050467,5.75,7.20,1,-20%,
2026-10-01,4814608,4.70,5.90,1,-20%,
2026-10-01,4814629,4.70,5.90,1,-20%,
2026-10-01,7607497,5.75,6.40,1,-10.0%,
2026-10-01,3507288,11.50,11.50,1,-30% dès 3,
2026-10-01,3582004,12.50,12.50,1,-30% dès 3,
2026-10-01,3602524,12.90,12.90,1,-30% dès 2,
2026-10-01,3695355,6.95,6.95,1,-40% dès 2,
2026-10-01,4793142,12.90,12.90,1,-30% dès 2,
2026-10-01,4793402,12.90,12.90,1,-30% dès 2,
2026-10-01,4793429,9.90,9.90,1,-30% dès 2,
2026-10-01,4865802,11.90,11.90,1,-40% dès 2,
2026-10-01,4967278,9.90,9.90,1,-30% dès 2,
2026-10-01,5753536,9.90,9.90,1,-30% dès 2,
2026-10-01,5897142,6.60,6.60,1,-33% dès 2,
2026-10-01,6140755,11.90,11.90,1,-40% dès 2,
2026-10-01,6386990,11.90,11.90,1,-40% dès 2,
2026-10-01,6539116,11.90,11.90,1,-40% dès 2,
2026-10-01,6712391,11.90,11.90,1,-40% dès 2,
2026-10-01,3699645,12.00,12.00,0,,
2026-10-01,3061418,9.75,9.75,0,,
2026-10-01,5797889,2.70,2.70,0,,
2026-10-01,4399891,10.40,10.40,0,,
2026-10-01,4659295,14.30,14.30,0,,
2026-10-01,7076403,1.75,1.75,0,,
2026-10-01,6850514,1.65,1.65,0,,
2026-10-01,6858301,1.65,1.65,0,,
2026-10-01,6850511,15.90,15.90,0,,
2026-10-01,6828686,15.90,15.90,0,,
2026-10-01,6638289,3.20,3.20,0,,
2026-10-01,6638345,1.85,1.85,0,,
2026-10-01,7191793,1.85,1.85,0,,
2026-10-01,6425072,3.25,3.25,0,,
2026-10-01,6689966,1.90,1.90,0,,
2026-10-01,7191812,1.95,1.95,0,,
2026-10-01,5753195,1.95,1.95,0,,
2026-10-01,4016202,1.95,1.95,0,,
2026-10-01,4389992,12.00,12.00,0,,
2026-10-01,7191859,2.10,2.10,0,,
2026-10-01,3517038,2.10,2.10,0,,
2026-10-01,3679771,2.10,2.10,0,,
2026-10-01,5846403,2.30,2.30,0,,
2026-10-01,4407235,1.45,1.45,0,,
2026-10-01,6799520,1.55,1.55,0,,
2026-10-01,7576650,4.40,4.40,0,,
2026-10-01,4846718,2.05,2.05,0,,
2026-10-01,6568630,1.30,1.30,0,,
2026-10-01,4137336,2.25,2.25,0,,
2026-10-01,6570311,1.55,1.55,0,,
2026-10-01,7303100,2.65,2.65,0,,
2026-10-01,7303612,2.70,2.70,0,,
2026-10-01,6665497,1.40,1.40,0,,
2026-10-01,6503724,4.20,4.20,0,,
2026-10-01,6692691,1.60,1.60,0,,
2026-10-01,7044678,2.85,2.85,0,,
2026-10-01,6529885,2.65,2.65,0,,
2026-10-01,5743203,2.30,2.30,0,,
2026-10-01,4102282,2.10,2.10,0,,
2026-10-01,6671784,2.10,2.10,0,,
2026-10-01,6877763,1.40,1.40,0,,
2026-10-01,6407679,4.20,4.20,0,,
2026-10-01,6390716,5.95,5.95,0,,
2026-10-01,3081209,3.95,3.95,0,,
2026-10-01,3081176,2.00,2.00,0,,
2026-10-01,7496219,1.35,1.35,0,,
2026-10-01,4972598,3.40,3.40,0,,
2026-10-01,6762073,3.50,3.50,0,,
2026-10-01,3642453,3.90,3.90,0,,
2026-10-01,3081185,3.95,3.95,0,,
2026-10-01,6769933,3.20,3.20,0,,
2026-10-01,7316220,3.60,3.60,0,,
2026-10-01,3081181,3.60,3.60,0,,
2026-10-01,3080192,4.60,4.60,0,,
2026-10-01,7242072,4.20,4.20,0,,
2026-10-01,3081359,4.25,4.25,0,,
2026-10-01,7014412,4.90,4.90,0,,
2026-10-01,3081182,2.25,2.25,0,,
2026-10-01,3081201,4.60,4.60,0,,
2026-10-01,7448681,4.65,4.65,0,,
2026-10-01,6548165,3.50,3.50,0,,
2026-10-01,3080750,4.70,4.70,0,,
2026-10-01,3761178,2.50,2.50,0,,
2026-10-01,3888753,3.75,3.75,0,,
2026-10-01,5691426,5.20,5.20,0,,
2026-10-01,3081260,2.70,2.70,0,,
2026-10-01,3877779,4.30,4.30,0,,
2026-10-01,5860006,5.85,5.85,0,,
2026-10-01,6820368,2.95,2.95,0,,
2026-10-01,6876548,2.40,2.40,0,,
2026-10-01,6548119,1.25,1.25,0,,
2026-10-01,7518949,2.95,2.95,0,,
2026-10-01,7518946,1.70,1.70,0,,
2026-10-01,7497540,2.00,2.00,0,,
2026-10-01,3701168,14.25,14.25,0,,
2026-10-01,7518947,2.30,2.30,0,,
2026-10-01,7518950,2.00,2.00,0,,
2026-10-01,3080830,2.45,2.45,0,,
2026-10-01,4053320,4.95,4.95,0,,
2026-10-01,3596710,2.45,2.45,0,,
2026-10-01,6316631,3.20,3.20,0,,
2026-10-01,3080311,2.95,2.95,0,,
2026-10-01,3030751,1.30,1.30,0,,
2026-10-01,3031255,1.70,1.70,0,,
2026-10-01,5818171,2.25,2.25,0,,
2026-10-01,6108172,2.95,2.95,0,,
2026-10-01,4789939,2.80,2.80,0,,
2026-10-01,7512714,3.50,3.50,0,,
2026-10-01,7512848,3.90,3.90,0,,
2026-10-01,7512862,2.15,2.15,0,,
2026-10-01,7512838,2.35,2.35,0,,
2026-10-01,7529864,3.95,3.95,0,,
2026-10-01,7404904,4.80,4.80,0,,
2026-10-01,7253900,3.95,3.95,0,,
2026-10-01,6495669,3.20,3.20,0,,
2026-10-01,3090545,3.60,3.60,0,,
2026-10-01,3090903,2.25,2.25,0,,
2026-10-01,3843275,2.95,2.95,0,,
2026-10-01,6675160,3.25,3.25,0,,
2026-10-01,3413770,1.60,1.60,0,,
2026-10-01,3761398,2.00,2.00,0,,
2026-10-01,6781122,2.50,2.50,0,,
2026-10-01,7257451,3.90,3.90,0,,
2026-10-01,6439332,2.95,2.95,0,,
2026-10-01,6439331,3.40,3.40,0,,
2026-10-02,7621794,3.20,3.20,1,10x Superpoints,
2026-10-02,4320307,2.95,4.95,1,Online 40%,
2026-10-02,6516913,2.95,4.95,1,Online 40%,
2026-10-02,7471726,16.10,26.90,1,Online 40%,
2026-10-02,7518949,1.75,2.95,1,Online 40%,
2026-10-02,4023497,19.95,29.00,1,-31%,
2026-10-02,4137582,15.30,19.20,1,-20%,
2026-10-02,3061224,6.35,12.75,1,Online 50%,
2026-10-02,3585245,4.20,8.40,1,Online 50%,
2026-10-02,3376085,1.95,3.30,1,Online 40%,
2026-10-02,6041209,2.75,4.60,1,Online 40%,
2026-10-02,6164930,1.50,2.50,1,Online 40%,
2026-10-02,6643252,2.95,4.95,1,Online 40%,
2026-10-02,6736444,0.90,1.50,1,Online 40%,
2026-10-02,7301311,5.35,8.95,1,Online 40%,
2026-10-02,7301312,5.35,8.95,1,Online 40%,
2026-10-02,7301317,5.35,8.95,1,Online 40%,
2026-10-02,7301326,11.95,19.95,1,Online 40%,
2026-10-02,7446255,19.75,32.95,1,Online 40%,
2026-10-02,7471625,4.75,7.95,1,Online 40%,
2026-10-02,6494195,7.00,8.80,1,-20%,
2026-10-02,3000739,1.90,3.20,1,Online 40%,
2026-10-02,3003948,2.35,3.95,1,Online 40%,
2026-10-02,3374736,1.90,3.20,1,Online 40%,
2026-10-02,3486167,1.90,3.20,1,Online 40%,
2026-10-02,3551224,3.20,5.40,1,Online 40%,
2026-10-02,7521254,3.55,5.95,1,Online 40%,
2026-10-02,6030952,22.70,32.50,1,-30%,
2026-10-02,6674761,6.95,8.60,1,-19%,
2026-10-02,7267580,3.50,3.50,1,Super Prix,
2026-10-02,7406679,2.50,2.50,1,Super Prix,
2026-10-02,6765572,2.95,4.95,1,Online 40%,
2026-10-02,7590466,14.95,20.85,1,-28%,
2026-10-02,6062048,19.95,38.40,1,-48%,
2026-10-02,6062049,19.95,38.40,1,-48%,
2026-10-02,7041104,3.55,5.95,1,Online 40%,
2026-10-02,7516874,5.95,9.95,1,Online 40%,
2026-10-02,7545911,11.35,18.95,1,Online 40%,
2026-10-02,3871232,11.40,11.40,1,-40% dès 2,
2026-10-02,4863729,11.70,11.70,1,-40% dès 2,
2026-10-02,4863731,11.70,11.70,1,-40% dès 2,
2026-10-02,7533580,9.45,9.45,0,,
2026-10-02,6790683,6.75,6.75,0,,
2026-10-02,6477607,7.40,7.40,0,,
2026-10-02,6355924,9.55,9.55,0,,
2026-10-02,3060731,8.50,8.50,0,,
2026-10-02,6638994,7.95,7.95,0,,
2026-10-02,4045427,2.70,2.70,0,,
2026-10-02,3466299,4.60,4.60,0,,
2026-10-02,5777299,7.55,7.55,0,,
2026-10-02,4677181,13.95,13.95,0,,
2026-10-02,6713364,14.95,14.95,0,,
2026-10-02,7212338,2.50,2.50,0,,
2026-10-02,6798609,1.40,1.40,0,,
2026-10-02,7341118,1.15,1.15,0,,
2026-10-02,3740080,1.95,1.95,0,,
2026-10-02,6234874,3.30,3.30,0,,
2026-10-02,3888024,8.45,8.45,0,,
2026-10-02,4398621,2.60,2.60,0,,
2026-10-02,3696619,4.35,4.35,0,,
2026-10-02,3754560,3.70,3.70,0,,
2026-10-02,3022277,7.95,7.95,0,,
2026-10-02,3080168,11.50,11.50,0,,
2026-10-02,6100850,2.95,2.95,0,,
2026-10-02,3895956,3.95,3.95,0,,
2026-10-02,7277641,5.25,5.25,0,,
2026-10-02,4311517,8.95,8.95,0,,
2026-10-02,7347061,7.35,7.35,0,,
2026-10-02,7019398,6.80,6.80,0,,
2026-10-02,4981190,8.60,8.60,0,,
2026-10-02,7522415,7.40,7.40,0,,
2026-10-02,7200313,3.95,3.95,0,,
2026-10-02,7264641,2.00,2.00,0,,
2026-10-02,4940251,3.40,3.40,0,,
2026-10-02,3032109,2.50,2.50,0,,
2026-10-02,7336989,2.80,2.80,0,,
2026-10-02,6988144,2.80,2.80,0,,
2026-10-02,7587298,1.40,1.40,0,,
2026-10-02,7055478,1.65,1.65,0,,
2026-10-02,7059247,1.85,1.85,0,,
2026-10-02,7060335,1.95,1.95,0,,
2026-10-02,7050658,3.95,3.95,0,,
2026-10-02,3425369,4.45,4.45,0,,
2026-10-02,7183588,4.65,4.65,0,,
2026-10-02,6744407,7.95,7.95,0,,
2026-10-02,6785351,3.40,3.40,0,,
2026-10-02,7157874,3.40,3.40,0,,
2026-10-02,6755898,1.95,1.95,0,,
2026-10-02,5618456,1.45,1.45,0,,
2026-10-02,6702219,3.25,3.25,0,,
2026-10-02,3445050,3.50,3.50,0,,
2026-10-02,7430053,6.95,6.95,0,,
2026-10-02,7245905,11.95,11.95,0,,
2026-10-02,5648871,17.95,17.95,0,,
2026-10-02,7473210,24.95,24.95,0,,
2026-10-02,7476516,29.95,29.95,0,,
2026-10-02,7280114,14.60,14.60,0,,
2026-10-03,3504377,5.10,7.35,1,Online 30%,
2026-10-03,6830768,15.30,21.90,1,Online 30%,
2026-10-03,7234994,6.10,8.75,1,Online 30%,
2026-10-03,7322621,10.50,21.40,1,-50%,
2026-10-03,3061411,20.25,35.10,1,-42%,
2026-10-03,4679210,9.35,13.40,1,Online 30%,
2026-10-03,7571977,2.70,5.40,1,Online 50%,
2026-10-03,4856615,2.50,3.60,1,Online 30%,
2026-10-03,7414902,2.50,3.60,1,Online 30%,
2026-10-03,5802750,2.80,2.80,1,-20% dès 2,
2026-10-03,7261501,9.50,13.50,1,-29%,
2026-10-03,6373414,7.80,7.80,1,20x Superpoints,
2026-10-03,4484944,15.80,26.40,1,Online 40%,
2026-10-03,4484948,15.80,26.40,1,Online 40%,
2026-10-03,7027153,13.65,22.80,1,Online 40%,
2026-10-03,7227734,1.15,1.15,0,,
2026-10-03,6495966,3.00,3.00,0,,
2026-10-03,7160275,1.60,1.60,0,,
2026-10-04,6876527,15.40,23.15,1,-33%,
2026-10-04,6646122,6.95,6.95,1,-20% dès 2,
2026-10-05,7056986,1.40,1.80,1,-22%,
2026-10-05,3081312,5.60,7.10,1,-21%,
2026-10-05,5615826,6.00,7.50,1,-20%,
2026-10-05,7441461,5.35,6.75,1,-20%,
2026-10-05,7126974,14.95,23.85,1,-37%,
2026-10-05,3560346,8.35,11.20,1,-25%,
2026-10-05,5854433,4.50,4.50,1,-20% dès 2,
2026-10-05,6010940,2.95,2.95,1,-20% dès 2,
2026-10-05,7488901,2.40,2.40,1,-30% dès 3,
2026-10-05,7488933,2.40,2.40,1,-30% dès 3,
2026-10-05,7490157,3.50,3.50,1,20x Superpoints,
2026-10-05,7520820,4.70,4.70,1,-30% dès 3,
2026-10-05,7524114,3.95,3.95,1,-30% dès 3,
2026-10-05,6679843,11.30,11.30,1,-30% dès 3,
2026-10-05,6699008,9.95,9.95,1,-30% dès 3,
2026-10-05,6716865,13.95,13.95,1,-25% dès 2,
2026-10-05,6717396,10.50,10.50,1,-30% dès 3,
2026-10-05,7518949,2.95,2.95,0,,
2026-10-06,6883014,5.50,6.50,1,-15%,
2026-10-06,7342675,10.05,12.85,1,-21%,
2026-10-06,3876590,11.70,17.10,1,-31%,
2026-10-06,4888081,3.95,5.20,1,-24%,
2026-10-06,6472912,1.60,1.60,1,-24% par 3,
2026-10-06,7139325,6.55,10.95,1,Online 40%,
2026-10-06,6010951,2.95,2.95,1,-20% dès 2,
2026-10-06,6010952,2.95,2.95,1,-20% dès 2,
2026-10-06,6010953,2.95,2.95,1,-20% dès 2,
2026-10-06,3001744,14.95,24.95,1,Online 40%,
2026-10-06,6276105,1.75,2.95,1,Online 40%,
2026-10-06,7051111,5.95,9.95,1,Online 40%,
2026-10-06,7224682,4.10,6.90,1,Online 40%,
2026-10-06,6717402,14.95,14.95,1,-30% dès 3,
2026-10-06,6718191,11.95,11.95,1,-30% dès 3,
2026-10-06,6734447,19.95,19.95,1,-30% dès 3,
2026-10-06,6740041,5.50,5.50,1,-30% dès 2,
2026-10-06,6767283,2.50,2.50,1,-22% dès 2,
2026-10-06,6767600,1.25,1.25,1,20x Superpoints,
2026-10-06,6767603,1.25,1.25,1,20x Superpoints,
2026-10-06,6782759,5.50,5.50,1,-30% dès 2,
2026-10-06,6820168,6.20,6.20,1,-20% dès 2,
2026-10-06,6849262,6.60,6.60,1,-30% dès 2,
2026-10-06,6849263,6.60,6.60,1,-30% dès 2,
2026-10-06,6859677,7.95,7.95,1,-25% dès 2,
2026-10-06,6859679,12.50,12.50,1,-40% dès 2,
2026-10-06,6861349,13.95,13.95,1,-30% dès 3,
2026-10-06,6861862,14.95,14.95,1,-33% dès 2,
2026-10-06,6863957,8.95,8.95,1,-30% dès 3,
2026-10-06,6867756,10.95,10.95,1,-30% dès 3,
2026-10-06,4418387,12.30,12.30,0,,
